product_id,product_category_name,price,titulo,descricao,features_json
1f541a93f4fa4b8d15c7d5ed83836484,agro_industria_e_comercio,58.5,"Caixa de Armazenamento para Grãos - 12,85kg","Ideal para quem trabalha no setor agroindustrial, esta caixa de armazenamento para grãos possui capacidade de 12,85 kg. Com dimensões de 41 x 42 x 47 cm, é perfeita para otimizar o espaço e manter seus produtos organizados. Fabricada com material resistente, garante a proteção dos grãos contra umidade e pragas. Seu design prático facilita o manuseio e o transporte. Aproveite esta oportunidade por apenas R$ 58,50!","{""category"": ""armazenamento"", ""material"": null, ""audience"": null, ""features"": {""use_case"": ""armazenamento de grãos"", ""price_tier"": ""medio""}, ""color_options"": [], ""compatibility"": null}"
2b69866f22de8dad69c976771daba91c,agro_industria_e_comercio,2990.0,Máquina de Café Profissional 30L,"A Máquina de Café Profissional 30L é ideal para quem busca qualidade e eficiência na preparação de café em grande escala. Com capacidade para 30 litros, ela é perfeita para eventos, buffets e estabelecimentos comerciais. Seu design robusto e dimensões compactas (40 x 105 x 40 cm) garantem um ótimo desempenho sem ocupar muito espaço. Com um preço acessível de R$ 2.990,00, você terá um equipamento durável e de alta performance. Aproveite e leve o melhor do café para seus clientes!","{""category"": ""Máquina de Café"", ""material"": null, ""audience"": null, ""features"": {""use_case"": ""preparação de café em grande escala"", ""price_tier"": ""alto""}, ""color_options"": [], ""compatibility"": null}"
45a6892a98568b366b52ffeec9a03691,alimentos,34.96,Arroz Integral 229g,"O Arroz Integral é uma opção saudável e nutritiva para suas refeições. Com 229g, ele é ideal para preparar pratos saborosos e equilibrados. Rico em fibras e nutrientes, esse arroz é perfeito para quem busca uma alimentação mais saudável. Suas dimensões compactas (18.0 x 10.0 x 16.0 cm) facilitam o armazenamento na sua despensa. Aproveite a promoção e leve para casa por apenas R$ 34,96!","{""category"": ""Alimentos"", ""material"": null, ""audience"": null, ""features"": {""use_case"": ""Refeições saudáveis"", ""price_tier"": ""baixo""}, ""color_options"": [], ""compatibility"": null}"
89321f94e35fc6d7903d36f74e351d40,alimentos,27.9,Mistura para Bolo de Chocolate 150g,"Delicie-se com nossa mistura para bolo de chocolate, perfeita para quem ama um doce caseiro. Com apenas 150g, você pode preparar um bolo fofinho e saboroso em poucos minutos. Ideal para festas, comemorações ou um lanche especial. Basta adicionar ovos e água, e seu bolo estará pronto para assar. Aproveite a praticidade e o sabor irresistível por apenas R$ 27,90!","{""category"": ""Mistura para Bolo"", ""material"": null, ""audience"": null, ""features"": {""use_case"": ""preparar bolo"", ""price_tier"": ""baixo""}, ""color_options"": [], ""compatibility"": null}"
434487f82b5c35646bd8155cf1946179,alimentos_bebidas,65.0,Arroz Integral Premium 600g,"Experimente o sabor e a qualidade do nosso Arroz Integral Premium. Com 600g, ele é perfeito para preparar refeições saudáveis e nutritivas. Rico em fibras e com grãos selecionados, é ideal para quem busca uma alimentação balanceada. Suas dimensões compactas (16 x 16 x 11 cm) facilitam o armazenamento na sua despensa. Aproveite por apenas R$ 65,00!","{""category"": ""Arroz"", ""material"": null, ""audience"": null, ""features"": {""use_case"": ""preparar refeições saudáveis e nutritivas"", ""price_tier"": ""medio""}, ""color_options"": [], ""compatibility"": null}"
2942938c3d7cfb0161ad93b80cd60b01,alimentos_bebidas,65.0,"Arroz Integral 1,75kg","O Arroz Integral é uma opção saudável e nutritiva para suas refeições. Com 1,75kg, ele é ideal para toda a família. Rico em fibras e vitaminas, esse arroz traz benefícios para a saúde e promove uma alimentação equilibrada. Suas dimensões são 32cm de comprimento, 16cm de altura e 18cm de largura, facilitando o armazenamento. Aproveite o preço especial de R$ 65,00 e adicione mais saúde à sua mesa!","{""category"": ""Alimentos"", ""material"": null, ""audience"": null, ""features"": {""use_case"": ""Alimentação saudável"", ""price_tier"": ""medio""}, ""color_options"": [], ""compatibility"": null}"
4c6aedb2bfbcb47f59db757dfc22c607,artes,99.0,Escultura Artesanal em Cerâmica,"Esta escultura artesanal em cerâmica é uma peça única que traz charme e elegância para qualquer ambiente. Com dimensões de 19 cm de comprimento, 5 cm de altura e 20 cm de largura, ela se destaca pela sua beleza e detalhes minuciosos. Pesando 700 gramas, é ideal para decoração de mesas, estantes ou prateleiras. Adquira agora por apenas R$ 99,00 e transforme seu espaço com arte de qualidade.","{""category"": ""escultura"", ""material"": ""cerâmica"", ""audience"": null, ""features"": {""use_case"": ""decoração"", ""price_tier"": ""medio""}, ""color_options"": [], ""compatibility"": null}"
58f036d3b8f12d9378518f902fb4e226,artes,49.9,Escultura de Cerâmica Artesanal,"Esta escultura de cerâmica artesanal é uma peça única que traz sofisticação e charme para qualquer ambiente. Com dimensões de 41 cm de comprimento, 10 cm de altura e 13 cm de largura, ela se destaca pela sua beleza e detalhes minuciosos. Pesando 1650 gramas, é ideal para ser exibida em estantes ou mesas de centro. Adquira agora por apenas R$ 49,90 e transforme sua decoração!","{""category"": ""escultura"", ""material"": ""cerâmica"", ""audience"": null, ""features"": {""use_case"": ""decoração"", ""price_tier"": ""baixo""}, ""color_options"": [], ""compatibility"": null}"
43506d2b6b5e0535079f88c7dc51c4de,artes_e_artesanato,238.0,Mesa de Madeira Rústica para Artesanato,"Transforme seu espaço criativo com esta mesa de madeira rústica, ideal para artes e artesanato. Com dimensões de 105 cm de comprimento, 65 cm de largura e 5 cm de altura, oferece amplo espaço para suas atividades. Pesando 6.850 gramas, é robusta e estável, perfeita para suportar suas ferramentas e materiais. Seu design clássico traz charme e funcionalidade ao seu ambiente de trabalho. Aproveite a qualidade e o estilo por apenas R$ 238,00.","{""category"": ""mesa"", ""material"": ""madeira"", ""audience"": null, ""features"": {""use_case"": ""artesanato"", ""price_tier"": ""alto""}, ""color_options"": [], ""compatibility"": null}"
2b54fb9a4acf707537eb53eb2458c241,artes_e_artesanato,57.9,Caixa de Madeira Artesanal,"Esta caixa de madeira artesanal é perfeita para organizar seus materiais de artesanato ou servir como uma bela peça decorativa. Com dimensões de 25cm x 25cm x 25cm, ela oferece amplo espaço e um design elegante. Feita com madeira de alta qualidade, garante durabilidade e resistência. Seu peso de 1kg a torna fácil de manusear e transportar. Adquira já a sua por apenas R$ 57,90!","{""category"": ""organização"", ""material"": ""madeira"", ""audience"": null, ""features"": {""use_case"": ""organizar materiais de artesanato"", ""price_tier"": ""medio""}, ""color_options"": [], ""compatibility"": null}"
96341c5bd303e04bee20bcd01431dfaf,artigos_de_festas,7.99,Balões Coloridos para Festas,"Adicione um toque de alegria à sua festa com nossos balões coloridos! Cada pacote contém balões de diversas cores, perfeitos para qualquer celebração. Com dimensões de 16 x 6 x 11 cm e peso de 200g, são fáceis de transportar e manusear. Ideal para aniversários, casamentos ou festas temáticas. Aproveite o preço especial de apenas R$ 7,99!","{""category"": ""festas"", ""material"": null, ""audience"": null, ""features"": {""use_case"": ""decoração"", ""price_tier"": ""baixo""}, ""color_options"": [""coloridos""], ""compatibility"": null}"
0fca2bf7fe83539c429a0357389333e7,artigos_de_festas,134.9,Balões de Festa Coloridos - Pacote com 100 Unidades,"Transforme sua festa em um evento inesquecível com nosso pacote de balões coloridos! Com 100 unidades, você terá opções para decorar qualquer ambiente. Cada balão é feito de material resistente, garantindo que sua festa fique linda e alegre. Ideal para aniversários, casamentos e comemorações em geral. Aproveite por apenas R$ 134,90 e surpreenda seus convidados!","{""category"": ""Balões"", ""material"": null, ""audience"": null, ""features"": {""use_case"": ""Decoração de festas"", ""price_tier"": ""medio""}, ""color_options"": [], ""compatibility"": null}"
91383f0d77401048b6450f83ecb5b3ac,artigos_de_natal,67.2,Árvore de Natal Decorativa 30cm,"Traga o espírito natalino para sua casa com esta linda árvore de Natal decorativa de 30cm. Feita com materiais de alta qualidade, ela é perfeita para enfeitar sua sala, mesa ou qualquer canto especial. Seu design compacto a torna ideal para espaços menores, sem perder a elegância. Com um peso de 2kg, é fácil de transportar e montar. Aproveite esta oportunidade e adquira a sua por apenas R$ 67,20!","{""category"": ""Decoração"", ""material"": null, ""audience"": null, ""features"": {""use_case"": ""Decoração de Natal"", ""price_tier"": ""medio""}, ""color_options"": [], ""compatibility"": null}"
3178ee7d2c17d1caef4955dd9bad16f6,artigos_de_natal,6.0,Enfeite Natalino de Mesa,"Decore sua mesa neste Natal com nosso encantador enfeite natalino. Com 37 cm de altura, ele traz um toque especial às suas celebrações. Feito com materiais leves, pesa apenas 150 gramas, facilitando sua colocação em qualquer ambiente. Ideal para complementar sua decoração ou presentear alguém especial. Aproveite o preço de apenas R$ 6,00 e traga mais alegria para suas festividades!","{""category"": ""enfeite natalino"", ""material"": null, ""audience"": null, ""features"": {""use_case"": ""decoração de mesa"", ""price_tier"": ""baixo""}, ""color_options"": [], ""compatibility"": null}"
e6b6e13cf71449a457269f425b89dc74,audio,109.9,Caixa de Som Bluetooth Portátil,"Aproveite suas músicas com a Caixa de Som Bluetooth Portátil, perfeita para qualquer ocasião. Com um design compacto e leve, pesa apenas 588g e suas dimensões de 19.0 x 14.0 x 17.0 cm facilitam o transporte. Oferece um som de alta qualidade e conectividade sem fio, ideal para festas, viagens ou uso diário. Adquira já a sua por apenas R$ 109,90 e leve a sua experiência musical a um novo nível!","{""category"": ""Caixa de Som"", ""material"": null, ""audience"": null, ""features"": {""use_case"": ""uso diário, festas, viagens"", ""price_tier"": ""medio""}, ""color_options"": [], ""compatibility"": null}"
17ad6786808ab3fedfb261a70a5932d6,audio,119.59,Caixa de Som Bluetooth Portátil,"Aproveite suas músicas com a nossa Caixa de Som Bluetooth Portátil, ideal para quem busca qualidade de áudio e praticidade. Com um design compacto e leve, pesa apenas 620 gramas e possui dimensões de 23x15x17 cm, perfeita para levar em qualquer lugar. Conecte-se facilmente via Bluetooth e desfrute de horas de reprodução. Seu preço é de apenas R$ 119,59. Não perca a oportunidade de elevar sua experiência musical!","{""category"": ""Caixa de Som"", ""material"": null, ""audience"": null, ""features"": {""use_case"": ""Portátil"", ""price_tier"": ""medio""}, ""color_options"": [], ""compatibility"": null}"
ac69f0bde551e0558dead5f71f7c70e3,automotivo,69.0,Suporte para Bicicleta de Teto,"Organize sua garagem com o Suporte para Bicicleta de Teto. Este produto é ideal para quem busca otimizar o espaço e manter a bicicleta segura e fora do caminho. Com dimensões de 45 cm de comprimento, 5 cm de altura e 15 cm de largura, ele é robusto e fácil de instalar. Feito para suportar até 800 gramas, é perfeito para a maioria das bicicletas. Aproveite a promoção por apenas R$ 69,00!","{""category"": ""acessórios para bicicleta"", ""material"": null, ""audience"": null, ""features"": {""use_case"": ""organizar garagem"", ""price_tier"": ""medio""}, ""color_options"": [], ""compatibility"": null}"
89db899bdb35ae40d0901e38f21d2ede,automotivo,44.9,Suporte para Bicicleta - Prático e Resistente,"O suporte para bicicleta é ideal para quem busca praticidade e segurança. Com dimensões de 16,0 x 2,0 x 11,0 cm e pesando apenas 2200 gramas, ele é leve e fácil de transportar. Feito para acomodar diferentes modelos de bicicletas, garante estabilidade durante o uso. Seu design compacto facilita o armazenamento em qualquer lugar. Aproveite a promoção e adquira já o seu por apenas R$ 44,90!","{""category"": ""Suporte para Bicicleta"", ""material"": null, ""audience"": null, ""features"": {""use_case"": ""praticidade e segurança"", ""price_tier"": ""baixo""}, ""color_options"": [], ""compatibility"": null}"
9663cf1ff5c7ff603be0a27b1cf2dde2,bebes,29.99,Manta Soft para Bebês,"A Manta Soft para Bebês é perfeita para manter seu pequeno aquecido e confortável. Com um toque macio e aconchegante, ela é ideal para usar em casa ou em passeios. Suas dimensões de 25 x 15 x 25 cm a tornam fácil de transportar e armazenar. Feita com materiais de alta qualidade, é segura para a pele delicada dos bebês. Aproveite o preço especial de R$ 29,99 e garanta já a sua!","{""category"": ""manta"", ""material"": null, ""audience"": ""bebês"", ""features"": {""use_case"": ""manter aquecido e confortável"", ""price_tier"": ""baixo""}, ""color_options"": [], ""compatibility"": null}"
2e8e86c56790104d65709ca485a26281,bebes,49.9,Cadeira de Alimentação para Bebês,"A Cadeira de Alimentação para Bebês é ideal para tornar as refeições mais práticas e confortáveis. Com um design ergonômico, ela oferece segurança e conforto para o seu pequeno. Fabricada com materiais de alta qualidade, é fácil de limpar e possui ajuste de altura. Suporta até 500g e suas dimensões são 55cm de comprimento, 14cm de altura e 43cm de largura. Aproveite por apenas R$ 49,90!","{""category"": ""Cadeira de Alimentação"", ""material"": null, ""audience"": ""Bebês"", ""features"": {""use_case"": ""Refeições"", ""price_tier"": ""baixo""}, ""color_options"": [], ""compatibility"": null}"
6859a88437bf429e4e50768ca79a2e9c,bebidas,90.0,Vinho Tinto Premium 750ml,"Descubra o sabor intenso e encorpado do nosso Vinho Tinto Premium. Ideal para acompanhar suas refeições ou para momentos de descontração com amigos. Com 750ml, é perfeito para compartilhar ou saborear sozinho. Apresenta notas frutadas e um aroma marcante, proporcionando uma experiência única. Aproveite a qualidade por apenas R$ 90,00.","{""category"": ""vinho"", ""material"": null, ""audience"": null, ""features"": {""use_case"": ""acompanhar refeições"", ""price_tier"": ""medio""}, ""color_options"": [], ""compatibility"": null}"
cd48f265a63e13b762601f5f794c5fca,bebidas,57.49,Vinho Tinto Seco 750ml,"Desfrute do nosso vinho tinto seco, perfeito para acompanhar suas refeições ou momentos especiais. Com 750ml de pura qualidade, este vinho traz notas frutadas e um sabor encorpado que agradará até os paladares mais exigentes. Ideal para presentear ou para uma noite de degustação com amigos. Aproveite a promoção por apenas R$ 57,49. Peso de 175g e dimensões de 23cm x 21cm x 21cm.","{""category"": ""vinho"", ""material"": null, ""audience"": null, ""features"": {""use_case"": ""acompanhar refeições ou momentos especiais"", ""price_tier"": ""medio""}, ""color_options"": [], ""compatibility"": null}"
9680867d27bf4f20ac82adbe4dbae9ec,beleza_saude,277.0,Kit de Cuidados com a Pele - 1100g,"Transforme sua rotina de beleza com nosso Kit de Cuidados com a Pele. Com 1100g de produtos de alta qualidade, este kit é ideal para quem busca hidratação e rejuvenescimento. Suas dimensões compactas (16.0 x 19.0 x 15.0 cm) facilitam o armazenamento e transporte. Aproveite a oportunidade de cuidar da sua pele com um investimento de apenas R$ 277,00. Sinta a diferença e realce sua beleza natural!","{""category"": ""cuidados com a pele"", ""material"": null, ""audience"": null, ""features"": {""use_case"": ""hidratação e rejuvenescimento"", ""price_tier"": ""alto""}, ""color_options"": [], ""compatibility"": null}"
5f6b99538b396c18e5e310c2c187dc8d,beleza_saude,199.9,Creme Hidratante Corporal 1250g,"Experimente o poder de hidratação intensa com nosso creme hidratante corporal de 1250g. Formulado para proporcionar maciez e suavidade à sua pele, ele é ideal para o uso diário. Com uma textura leve e de rápida absorção, deixa a pele nutrida e com aparência saudável. Perfeito para todos os tipos de pele, este produto é uma adição essencial à sua rotina de beleza. Aproveite a promoção por apenas R$ 199,90!","{""category"": ""creme hidratante"", ""material"": null, ""audience"": null, ""features"": {""use_case"": ""hidratação intensa"", ""price_tier"": ""medio""}, ""color_options"": [], ""compatibility"": null}"
28447390cfd2a411fcb8c008b6163da2,brinquedos,69.99,Brinquedo Educativo de Montar,"Desperte a criatividade e a imaginação das crianças com este brinquedo educativo de montar. Com peças coloridas e fáceis de manusear, ele proporciona horas de diversão enquanto desenvolve habilidades motoras e cognitivas. Ideal para crianças a partir de 3 anos, o brinquedo é seguro e feito com materiais de alta qualidade. Suas dimensões compactas (21.0 x 7.0 x 16.0 cm) facilitam o armazenamento. Aproveite essa oportunidade por apenas R$ 69,99!","{""category"": ""brinquedo educativo"", ""material"": null, ""audience"": ""crianças"", ""features"": {""use_case"": ""desenvolve habilidades motoras e cognitivas"", ""price_tier"": ""medio""}, ""color_options"": [""coloridas""], ""compatibility"": null}"
f429bcbed72851b21f20d2daf4330bce,brinquedos,349.9,Brinquedo Educativo Interativo,"Descubra o Brinquedo Educativo Interativo, ideal para estimular a criatividade e o aprendizado das crianças. Com dimensões de 26 cm de comprimento, 14 cm de altura e 17 cm de largura, ele é perfeito para brincadeiras em casa. Pesando apenas 753 gramas, é fácil de manusear e transportar. Este brinquedo é uma excelente opção para presentear e proporcionar horas de diversão. Aproveite a oferta por apenas R$ 349,90!","{""category"": ""brinquedo"", ""material"": null, ""audience"": ""crianças"", ""features"": {""use_case"": ""educativo"", ""price_tier"": ""alto""}, ""color_options"": [], ""compatibility"": null}"
56b83ac081e4e6ea5f87323b4e46e85c,cama_mesa_banho,59.0,Conjunto de Toalhas de Banho Luxo,"Transforme seu banho em um momento de pura elegância com nosso Conjunto de Toalhas de Banho Luxo. Composto por toalhas macias e absorventes, este conjunto é ideal para quem busca conforto e qualidade. Feitas com materiais de alta durabilidade, elas garantem uma experiência agradável a cada uso. Disponíveis em diversas cores, são perfeitas para complementar a decoração do seu banheiro. Aproveite a oferta por apenas R$ 59,00!","{""category"": ""toalhas"", ""material"": null, ""audience"": null, ""features"": {""use_case"": ""banho"", ""price_tier"": ""medio""}, ""color_options"": [""diversas""], ""compatibility"": null}"
952670bc019a73f0933157ec82ff6e4f,cama_mesa_banho,205.0,Conjunto de Toalhas de Banho Luxo,"Transforme seu banheiro em um verdadeiro spa com nosso Conjunto de Toalhas de Banho Luxo. Feitas com algodão de alta qualidade, essas toalhas são super macias e absorventes. O conjunto inclui toalhas de diferentes tamanhos, perfeitas para uso diário. Com um design elegante, elas vão complementar a decoração do seu banheiro. Aproveite a promoção por apenas R$ 205,00!","{""category"": ""toalhas"", ""material"": ""algodão"", ""audience"": null, ""features"": {""use_case"": ""uso diário"", ""price_tier"": ""alto""}, ""color_options"": [], ""compatibility"": null}"
baf4f12ea16c1bb2c457a90df13e4a3c,casa_conforto,179.0,Cesto Organizadores de Roupas,"Mantenha sua casa organizada com o Cesto Organizadores de Roupas. Com dimensões de 30 x 20 x 30 cm e pesando apenas 1,3 kg, ele é perfeito para armazenar roupas sujas, brinquedos ou outros itens. Seu design prático e funcional se adapta a qualquer ambiente, trazendo mais conforto e estilo para o seu lar. Ideal para quem busca praticidade e eficiência na organização do dia a dia. Aproveite por apenas R$ 179,00!","{""category"": ""organização"", ""material"": null, ""audience"": null, ""features"": {""use_case"": ""armazenar roupas sujas, brinquedos ou outros itens"", ""price_tier"": ""medio""}, ""color_options"": [], ""compatibility"": null}"
c80124276571cd4bef53cf35d9b36c5c,casa_conforto,219.0,Cadeira de Descanso Dobrável,"A Cadeira de Descanso Dobrável é perfeita para quem busca conforto e praticidade. Com design moderno e leve, ela se adapta facilmente a qualquer ambiente da sua casa. Suas dimensões de 40 x 20 x 40 cm a tornam ideal para espaços pequenos. Com um peso de 5,65 kg, é fácil de transportar e guardar. Aproveite momentos de relaxamento com esta cadeira que combina estilo e funcionalidade. Preço: R$ 219,00.","{""category"": ""móveis"", ""material"": null, ""audience"": null, ""features"": {""use_case"": ""descanso"", ""price_tier"": ""alto""}, ""color_options"": [], ""compatibility"": null}"
4fb3bad6b502eaca3b6d7d87bc1613a4,casa_conforto_2,59.9,Cubo Decorativo para Casa,"Transforme seu ambiente com este cubo decorativo versátil. Com dimensões de 20 cm em cada lado, ele se adapta facilmente a qualquer espaço. Feito com materiais de qualidade, pesa 663 gramas e é perfeito para adicionar um toque de estilo ao seu lar. Ideal para mesas, prateleiras ou como um presente especial. Aproveite o preço de R$ 59,90 e dê um novo ar à sua decoração!","{""category"": ""decoração"", ""material"": null, ""audience"": null, ""features"": {""use_case"": ""decoração de ambientes"", ""price_tier"": ""medio""}, ""color_options"": [], ""compatibility"": null}"
2072d4792ab7893ddbfc178948e0eb86,casa_conforto_2,109.99,Almofada Decorativa para Sofá,"Transforme a decoração da sua casa com esta elegante almofada decorativa. Com dimensões de 35 cm de comprimento, 30 cm de largura e 8 cm de altura, ela se adapta perfeitamente a qualquer ambiente. Feita com materiais de alta qualidade, pesa 1800 gramas, garantindo conforto e durabilidade. Ideal para dar um toque especial ao seu sofá ou cama. Aproveite o preço especial de R$ 109,99 e renove seu espaço!","{""category"": ""almofada decorativa"", ""material"": null, ""audience"": null, ""features"": {""use_case"": ""decoração"", ""price_tier"": ""medio""}, ""color_options"": [], ""compatibility"": null}"
1361837a82c3ee5591e56958e3d89bce,casa_construcao,234.0,Caixa Organizadora Multiuso 30L,"Mantenha sua casa sempre organizada com a Caixa Organizadora Multiuso de 30 litros. Ideal para armazenar roupas, brinquedos e utensílios diversos, ela é prática e funcional. Com dimensões de 30 x 35 x 30 cm e pesando 9,5 kg, é fácil de transportar e se encaixa em qualquer ambiente. Feita com material resistente, garante durabilidade e proteção para seus itens. Aproveite por apenas R$ 234,00!","{""category"": ""organização"", ""material"": null, ""audience"": null, ""features"": {""use_case"": ""armazenar roupas, brinquedos e utensílios diversos"", ""price_tier"": ""alto""}, ""color_options"": [], ""compatibility"": null}"
6efb8e8a3fb0785e2b86c6c5e9c7bb9d,casa_construcao,85.0,Cimento Portland 1kg,"O Cimento Portland é ideal para suas obras e reformas, garantindo resistência e durabilidade. Com embalagem de 1kg, é perfeito para pequenos reparos ou projetos em casa. Suas dimensões compactas (30cm x 20cm x 30cm) facilitam o armazenamento. Produto essencial para quem busca qualidade na construção. Aproveite o preço especial de R$ 85,00!","{""category"": ""Cimento"", ""material"": null, ""audience"": null, ""features"": {""use_case"": ""obras e reformas"", ""price_tier"": ""medio""}, ""color_options"": [], ""compatibility"": null}"
1dceebcc5f23c02ea23e16d5bedca000,cds_dvds_musicais,65.0,CDs e DVDs Musicais - Coleção Clássicos,"Descubra a essência da música brasileira com a nossa coleção de CDs e DVDs clássicos. Com um total de 550 gramas, este produto é perfeito para os amantes da boa música. As dimensões de 35 x 15 x 25 cm garantem que você possa armazená-los facilmente em sua estante. Adquira agora por apenas R$ 65,00 e reviva os grandes sucessos que marcaram épocas. Uma oportunidade imperdível para enriquecer sua coleção!","{""category"": ""Coleção Clássicos"", ""material"": null, ""audience"": null, ""features"": {""use_case"": ""colecionar"", ""price_tier"": ""medio""}, ""color_options"": [], ""compatibility"": null}"
56ebd551a33ae8e9955d1f8a4c37ef52,cine_foto,873.99,Câmera DSLR Profissional,"Capture momentos inesquecíveis com esta câmera DSLR de alta performance. Com um design ergonômico e leve, pesa apenas 1650g, facilitando o transporte em suas aventuras. Suas dimensões compactas de 78cm x 14cm x 14cm tornam-na ideal para fotógrafos em movimento. Aproveite a qualidade de imagem excepcional e recursos avançados por apenas R$ 873,99. Perfeita para iniciantes e profissionais que buscam qualidade e praticidade.","{""category"": ""Câmera"", ""material"": null, ""audience"": ""iniciantes e profissionais"", ""features"": {""use_case"": ""fotografia"", ""price_tier"": ""alto""}, ""color_options"": [], ""compatibility"": null}"
d55487f6b9833914549348cc2839f9e9,cine_foto,10.0,Suporte de Câmera Ajustável,"Este suporte de câmera é ideal para quem busca estabilidade e praticidade em suas gravações. Com dimensões compactas de 19 x 2 x 20 cm e pesando apenas 150 gramas, é fácil de transportar e manusear. Seu design ajustável permite que você posicione sua câmera da maneira que preferir. Perfeito para fotógrafos e cineastas amadores e profissionais. Aproveite a qualidade e a versatilidade por apenas R$ 10,00.","{""category"": ""suporte de câmera"", ""material"": null, ""audience"": ""fotógrafos e cineastas amadores e profissionais"", ""features"": {""use_case"": ""estabilidade e praticidade em gravações"", ""price_tier"": ""baixo""}, ""color_options"": [], ""compatibility"": null}"
a47674ec5bdc46617bc532a9839390db,climatizacao,79.0,Ventilador de Mesa 30cm - Praticidade e Conforto,"Mantenha sua casa fresca e confortável com o Ventilador de Mesa de 30cm. Com um design compacto e elegante, ele se adapta facilmente a qualquer ambiente. Possui 3 velocidades, permitindo ajustar a intensidade do vento conforme sua necessidade. Leve e portátil, pesa apenas 1300g e tem dimensões de 32x16x22cm, facilitando o transporte. Aproveite a promoção e adquira já o seu por apenas R$ 79,00!","{""category"": ""ventilador"", ""material"": null, ""audience"": null, ""features"": {""use_case"": ""mesa"", ""price_tier"": ""medio""}, ""color_options"": [], ""compatibility"": null}"
8aa2eacfedd0c7a0c34febc7480708a7,climatizacao,139.99,Ar Condicionado Portátil 10.000 BTUs,"Mantenha sua casa fresca e confortável com este ar condicionado portátil de 10.000 BTUs. Ideal para climatizar ambientes de até 20m², ele é compacto e fácil de transportar. Com dimensões de 36 x 49 x 37 cm e peso de 6170 g, é perfeito para quem busca praticidade. O produto conta com diversas funções, incluindo desumidificação e ventilação. Aproveite o preço especial de R$ 139,99 e garanta o seu conforto!","{""category"": ""Ar Condicionado"", ""material"": null, ""audience"": null, ""features"": {""use_case"": ""Climatizar ambientes de até 20m²"", ""price_tier"": ""medio""}, ""color_options"": [], ""compatibility"": null}"
4ae6163553190ab2897ecd7683eaafe2,consoles_games,59.9,Jogo de Console - Aventura Épica,"Desperte o herói que há em você com este jogo de aventura épica! Com gráficos impressionantes e uma narrativa envolvente, você será transportado para um mundo cheio de desafios e mistérios. Ideal para quem busca horas de diversão e emoção. Compatível com diversos consoles, este jogo promete entreter jogadores de todas as idades. Aproveite por apenas R$ 59,90!","{""category"": ""jogos"", ""material"": null, ""audience"": ""todas as idades"", ""features"": {""use_case"": ""diversão e emoção"", ""price_tier"": ""medio""}, ""color_options"": [], ""compatibility"": ""diversos consoles""}"
cc52718406f03a562ccf2bf14f584887,consoles_games,21.0,Console de Videogame Portátil,"Desfrute de horas de diversão com este console de videogame portátil. Compacto e leve, pesa apenas 1150g e possui dimensões de 46cm x 7cm x 33cm, perfeito para levar a qualquer lugar. Com uma variedade de jogos disponíveis, ele é ideal para todas as idades. Aproveite a promoção e adquira o seu por apenas R$ 21,00. Entre no mundo dos games e divirta-se com amigos e família!","{""category"": ""videogame"", ""material"": null, ""audience"": ""todas as idades"", ""features"": {""use_case"": ""diversão"", ""price_tier"": ""baixo""}, ""color_options"": [], ""compatibility"": null}"
f07602cce8d54d74a2f2c4a1115c7aad,construcao_ferramentas_construcao,73.9,Furadeira Manual 19cm - Ideal para Construção,"A Furadeira Manual é uma ferramenta essencial para quem busca praticidade e eficiência em seus projetos de construção. Com dimensões de 19cm de comprimento, 6cm de altura e 30cm de largura, ela é leve e fácil de manusear. Pesando apenas 400g, é perfeita para uso prolongado sem causar fadiga. Seu design ergonômico garante conforto e controle durante a perfuração. Adquira já a sua por apenas R$ 73,90 e leve seus trabalhos para o próximo nível!","{""category"": ""ferramentas"", ""material"": null, ""audience"": null, ""features"": {""use_case"": ""construção"", ""price_tier"": ""medio""}, ""color_options"": [], ""compatibility"": null}"
ee4329a32508827791e17cd8daeadb6b,construcao_ferramentas_construcao,189.0,Furadeira Elétrica 650W,"A Furadeira Elétrica de 650W é ideal para suas necessidades de construção e reforma. Compacta e leve, com dimensões de 16 x 11 x 11 cm, ela oferece praticidade e eficiência em diversos tipos de materiais. Com um peso de apenas 650 gramas, é fácil de manusear e transportar. Perfeita para quem busca qualidade e desempenho, esta furadeira é uma excelente adição ao seu kit de ferramentas. Aproveite o preço especial de R$ 189,00!","{""category"": ""ferramentas"", ""material"": null, ""audience"": null, ""features"": {""use_case"": ""construção e reforma"", ""price_tier"": ""medio""}, ""color_options"": [], ""compatibility"": null}"
058f0416fd2fad8fb4cd0443ade6a42b,construcao_ferramentas_ferramentas,118.0,Furadeira Elétrica 450W,"A Furadeira Elétrica de 450W é ideal para quem busca praticidade e eficiência em seus projetos de construção e reparo. Com um design compacto, suas dimensões de 23 x 14 x 11 cm facilitam o manuseio em espaços reduzidos. Pesando apenas 950g, é leve e fácil de transportar. Seu preço é de R$ 118,00, tornando-a uma excelente opção para profissionais e entusiastas. Equipado com recursos que garantem durabilidade e desempenho, esse produto é indispensável na sua caixa de ferramentas.","{""category"": ""furadeira"", ""material"": null, ""audience"": null, ""features"": {""use_case"": ""construção e reparo"", ""price_tier"": ""medio""}, ""color_options"": [], ""compatibility"": null}"
df473738565b52f77b4e22b328b41576,construcao_ferramentas_ferramentas,23.4,Chave de Fenda 16cm - Ferramenta Essencial,"A Chave de Fenda de 16cm é ideal para quem busca praticidade e eficiência em suas tarefas de montagem e reparo. Com um design ergonômico, proporciona conforto durante o uso e sua ponta magnética facilita a fixação de parafusos. Com peso de apenas 400g, é leve e fácil de manusear. Suas dimensões compactas (16.0 x 2.0 x 11.0 cm) a tornam perfeita para levar em qualquer lugar. Adquira já a sua por apenas R$ 23,40!","{""category"": ""ferramenta"", ""material"": null, ""audience"": null, ""features"": {""use_case"": ""montagem e reparo"", ""price_tier"": ""baixo""}, ""color_options"": [], ""compatibility"": null}"
22a9261581e6b57ea62af3efbd6975a0,construcao_ferramentas_iluminacao,18.0,Lâmpada LED 22W - Eficiente e Econômica,"A Lâmpada LED de 22W é a escolha perfeita para quem busca iluminação de qualidade e economia. Com um design compacto, suas dimensões de 22 x 22 x 11 cm a tornam ideal para diversos ambientes. Pesando apenas 450 gramas, é fácil de instalar e manusear. Compre agora por apenas R$ 18,00 e transforme a iluminação da sua casa ou escritório!","{""category"": ""iluminação"", ""material"": null, ""audience"": null, ""features"": {""use_case"": ""iluminação de qualidade e economia"", ""price_tier"": ""baixo""}, ""color_options"": [], ""compatibility"": null}"
059344baebbeaa42fa9f2bbe11b1583e,construcao_ferramentas_iluminacao,29.99,Lanterna LED Portátil 24W,"A Lanterna LED Portátil 24W é ideal para iluminar ambientes internos e externos com eficiência. Com um design compacto e leve, pesa apenas 1400g e possui dimensões de 24cm x 15cm x 38cm, facilitando o transporte. Seu potente LED garante uma iluminação clara e duradoura, perfeita para camping, emergências ou uso diário. Adquira já a sua por apenas R$ 29,99 e tenha sempre uma fonte de luz à mão!","{""category"": ""Lanterna"", ""material"": null, ""audience"": null, ""features"": {""use_case"": ""iluminar ambientes internos e externos"", ""price_tier"": ""baixo""}, ""color_options"": [], ""compatibility"": null}"
dd25073efbb30ed60eeff1b351b8e8cf,construcao_ferramentas_jardim,83.9,Carrinho de Mão 80L - Ideal para Jardinagem,"O Carrinho de Mão de 80L é perfeito para quem busca praticidade e eficiência na jardinagem e construção. Com capacidade para transportar até 7400 gramas, ele facilita o transporte de terra, plantas e materiais diversos. Suas dimensões de 80 cm de comprimento, 15 cm de altura e 60 cm de largura garantem um design robusto e funcional. Feito com materiais de alta qualidade, é resistente e durável. Adquira já o seu por apenas R$ 83,90!","{""category"": ""jardinagem"", ""material"": null, ""audience"": null, ""features"": {""use_case"": ""transporte de terra, plantas e materiais diversos"", ""price_tier"": ""medio""}, ""color_options"": [], ""compatibility"": null}"
71a7800a633691de8ecdd17463335e2e,construcao_ferramentas_jardim,59.9,Pá de Jardim 550g - Ideal para Plantio,"A Pá de Jardim é uma ferramenta essencial para quem ama cuidar do seu espaço verde. Com um design ergonômico e leve, pesa apenas 550g, facilitando o manuseio durante o plantio e a manutenção do jardim. Suas dimensões de 20cm de comprimento, 16cm de altura e 30cm de largura a tornam compacta e fácil de armazenar. Feita com materiais duráveis, garante resistência e eficiência em suas tarefas. Aproveite a promoção e leve a sua por apenas R$ 59,90!","{""category"": ""jardinagem"", ""material"": null, ""audience"": null, ""features"": {""use_case"": ""plantio"", ""price_tier"": ""medio""}, ""color_options"": [], ""compatibility"": null}"
63c21c167a87abcbed6efe83c8169866,construcao_ferramentas_seguranca,285.0,Kit de Ferramentas de Segurança - 1100g,"Garanta a sua segurança durante trabalhos de construção com este kit de ferramentas essencial. Com um peso de 1100g e dimensões compactas de 30 x 10 x 25 cm, ele é ideal para quem busca praticidade e eficiência. O kit inclui itens de alta qualidade, projetados para oferecer proteção e conforto. Aproveite a oferta e adquira por apenas R$ 285,00. Não deixe a segurança de lado, invista em ferramentas que fazem a diferença!","{""category"": ""ferramentas"", ""material"": null, ""audience"": null, ""features"": {""use_case"": ""segurança em construção"", ""price_tier"": ""alto""}, ""color_options"": [], ""compatibility"": null}"
e1a1aa3724c9cfbb07a6791663c2496c,construcao_ferramentas_seguranca,76.9,Kit de Segurança para Construção - 1150g,"Garanta a sua segurança durante as atividades de construção com este kit de segurança de alta qualidade. Com um peso de 1150g, ele é leve e fácil de transportar. As dimensões compactas de 20cm x 20cm x 20cm facilitam o armazenamento. Ideal para profissionais e amadores que buscam proteção e conforto. Aproveite por apenas R$ 76,90!","{""category"": ""segurança"", ""material"": null, ""audience"": ""profissionais e amadores"", ""features"": {""use_case"": ""construção"", ""price_tier"": ""medio""}, ""color_options"": [], ""compatibility"": null}"
679bb6cbef77322da2a4719b6d7d0a96,cool_stuff,27.9,Organizador de Brinquedos Colorido,"Mantenha a diversão em ordem com este organizador de brinquedos colorido! Com dimensões de 25 cm de comprimento, 37 cm de altura e 36 cm de largura, ele é perfeito para qualquer ambiente. Feito de material resistente, suporta até 600 gramas de brinquedos e acessórios. Ideal para quartos infantis ou áreas de lazer, ajuda a criar um espaço mais organizado e divertido. Aproveite por apenas R$ 27,90!","{""category"": ""organizador"", ""material"": null, ""audience"": ""infantil"", ""features"": {""use_case"": ""organização de brinquedos"", ""price_tier"": ""baixo""}, ""color_options"": [""colorido""], ""compatibility"": null}"
252641aa4855aef622089db60c4ad90a,cool_stuff,169.97,Cubo Mágico 3x3 - Desafio e Diversão,"Desperte o seu lado enigmático com o Cubo Mágico 3x3! Ideal para todas as idades, este quebra-cabeça clássico promete horas de diversão e desafios. Com dimensões compactas de 16cm x 16cm x 16cm e pesando apenas 100g, é fácil de levar para qualquer lugar. Treine sua mente e melhore suas habilidades de resolução de problemas. Adquira já o seu por apenas R$ 169,97!","{""category"": ""brinquedos"", ""material"": null, ""audience"": ""todas as idades"", ""features"": {""use_case"": ""quebra-cabeça"", ""price_tier"": ""medio""}, ""color_options"": [], ""compatibility"": null}"
1b5ac751c245c52ded56f9fd1f17590c,dvds_blu_ray,119.9,Coleção Clássicos do Cinema - Blu-ray,"Reviva os grandes momentos do cinema com a Coleção Clássicos do Cinema em Blu-ray. Este box contém filmes icônicos que marcaram época, trazendo qualidade de imagem e som superiores. Ideal para os amantes da sétima arte, a coleção é perfeita para maratonas de filmes em casa. Com dimensões de 18.0 x 25.0 x 11.0 cm e pesando 400 gramas, é fácil de armazenar e transportar. Adquira já por apenas R$ 119,90!","{""category"": ""Coleção Clássicos do Cinema"", ""material"": null, ""audience"": ""amantes da sétima arte"", ""features"": {""use_case"": ""maratonas de filmes em casa"", ""price_tier"": ""medio""}, ""color_options"": [], ""compatibility"": null}"
c7db7a06c8b856703729c5f1b2a29378,dvds_blu_ray,16.9,Filme Clássico em Blu-ray,"Desfrute de um dos grandes clássicos do cinema com este Blu-ray imperdível. Com qualidade de imagem e som excepcionais, você poderá reviver momentos inesquecíveis. Ideal para colecionadores e amantes da sétima arte. O produto pesa apenas 250g e possui dimensões de 20cm x 14cm x 2cm. Aproveite esta oferta por apenas R$ 16,90!","{""category"": ""Filme"", ""material"": null, ""audience"": ""colecionadores e amantes da sétima arte"", ""features"": {""use_case"": ""assistir a um clássico do cinema"", ""price_tier"": ""baixo""}, ""color_options"": [], ""compatibility"": null}"
74d3fc5df0de5f9af4a62f87c043485a,eletrodomesticos,95.0,Ferro de Passar Roupas Portátil,"O Ferro de Passar Roupas Portátil é ideal para quem busca praticidade e eficiência na hora de cuidar das roupas. Com um design compacto, ele é perfeito para viagens e pequenos espaços. Possui potência adequada para alisar até os tecidos mais difíceis, garantindo resultados impecáveis. Com dimensões de 27 cm de comprimento, 13 cm de altura e 17 cm de largura, e pesando apenas 350 gramas, é fácil de manusear e armazenar. Aproveite a promoção e leve para casa por apenas R$ 95,00!","{""category"": ""eletrodomésticos"", ""material"": null, ""audience"": null, ""features"": {""use_case"": ""passar roupas"", ""price_tier"": ""medio""}, ""color_options"": [], ""compatibility"": null}"
c10b7cf3152ae68bd9b4713b2230080d,eletrodomesticos,42.9,Mini Processador de Alimentos,"O Mini Processador de Alimentos é ideal para facilitar o seu dia a dia na cozinha. Com um design compacto e moderno, ele possui dimensões de 16 x 16 x 11 cm e pesa apenas 11,1 kg, tornando-o fácil de armazenar. Prepare suas receitas favoritas de forma rápida e prática, picando, triturando e misturando ingredientes com eficiência. Com um preço acessível de R$ 42,90, é a escolha perfeita para quem busca funcionalidade e economia.","{""category"": ""processador de alimentos"", ""material"": null, ""audience"": null, ""features"": {""use_case"": ""preparar receitas"", ""price_tier"": ""baixo""}, ""color_options"": [], ""compatibility"": null}"
bb3542bf40cc975720ee44d03fcf0cd8,eletrodomesticos_2,2070.0,"Liquidificador Profissional 2,1L","O Liquidificador Profissional de 2,1 litros é ideal para quem busca potência e eficiência na cozinha. Com um design moderno e compacto, ele se destaca por suas lâminas de aço inox que garantem uma mistura homogênea. Com 2300 gramas, é leve e fácil de manusear, perfeito para preparar sucos, smoothies e sopas. Suas dimensões de 22 x 17 x 24 cm permitem que ele se encaixe em qualquer espaço. Aproveite a qualidade por apenas R$ 2070,00!","{""category"": ""Liquidificador"", ""material"": null, ""audience"": null, ""features"": {""use_case"": ""preparar sucos, smoothies e sopas"", ""price_tier"": ""alto""}, ""color_options"": [], ""compatibility"": null}"
c3182d1991c7d4859e8f39b6c45a026b,eletrodomesticos_2,16.99,Organizador de Cozinha 28x28cm,"Mantenha sua cozinha sempre em ordem com o Organizador de Cozinha. Com dimensões de 28x28x28 cm e pesando apenas 700g, ele é ideal para armazenar utensílios, temperos e pequenos eletrodomésticos. Seu design prático permite fácil acesso aos itens, otimizando o espaço. Feito com material resistente, é perfeito para quem busca funcionalidade e estilo. Aproveite a promoção e adquira já o seu por apenas R$ 16,99!","{""category"": ""organizador"", ""material"": null, ""audience"": null, ""features"": {""use_case"": ""armazenar utensílios, temperos e pequenos eletrodomésticos"", ""price_tier"": ""baixo""}, ""color_options"": [], ""compatibility"": null}"
e645be7da1ed1a603dee4e2bd5608454,eletronicos,14.7,Carregador USB para Celular,"Mantenha seu celular sempre carregado com este prático carregador USB. Compacto e leve, pesa apenas 200g e possui dimensões de 21 x 6 x 14 cm, ideal para levar na bolsa ou mochila. Compatível com diversos modelos de smartphones, garante uma carga rápida e eficiente. Perfeito para uso em casa, no trabalho ou em viagens. Aproveite por apenas R$ 14,70!","{""category"": ""carregador"", ""material"": null, ""audience"": null, ""features"": {""use_case"": ""uso em casa, no trabalho ou em viagens"", ""price_tier"": ""baixo""}, ""color_options"": [], ""compatibility"": ""diversos modelos de smartphones""}"
b9471cbef91a12be725aa96bea7d4763,eletronicos,749.0,"Estante de TV Moderna 49"" - Eletrônicos","Transforme sua sala com esta estante de TV moderna, ideal para televisores de até 49 polegadas. Com um design elegante e funcional, ela oferece amplo espaço para seus eletrônicos e decorações. Fabricada com materiais de alta qualidade, garante durabilidade e estilo. Suas dimensões de 38 cm de profundidade, 64 cm de altura e 49 cm de largura a tornam perfeita para qualquer ambiente. Aproveite por apenas R$ 749,00!","{""category"": ""Eletrônicos"", ""material"": null, ""audience"": null, ""features"": {""use_case"": ""Estante de TV"", ""price_tier"": ""alto""}, ""color_options"": [], ""compatibility"": null}"
a1ce5cd7cb7370b16b898d24dd384c65,eletroportateis,22.89,Mini Batedeira Portátil,"A Mini Batedeira Portátil é ideal para quem busca praticidade na cozinha. Com um design compacto, ela facilita o preparo de massas e receitas rápidas. Pesando apenas 300g, pode ser facilmente armazenada em qualquer lugar. Suas dimensões de 16 x 35 x 25 cm a tornam perfeita para pequenos espaços. Aproveite a promoção e leve a sua por apenas R$ 22,89!","{""category"": ""eletrodomésticos"", ""material"": null, ""audience"": null, ""features"": {""use_case"": ""preparo de massas e receitas rápidas"", ""price_tier"": ""baixo""}, ""color_options"": [], ""compatibility"": null}"
d177efa9bee6dfa421c10f7b1bcf51c7,eletroportateis,51.37,Mini Batedeira Portátil,"A Mini Batedeira Portátil é ideal para quem busca praticidade na cozinha. Com um design compacto, ela facilita o preparo de massas e cremes, ocupando pouco espaço. Pesando apenas 450g, é leve e fácil de manusear. Suas dimensões de 22cm x 10cm x 13cm a tornam perfeita para qualquer bancada. Aproveite a qualidade e eficiência por apenas R$ 51,37.","{""category"": ""eletrodomésticos"", ""material"": null, ""audience"": null, ""features"": {""use_case"": ""preparo de massas e cremes"", ""price_tier"": ""medio""}, ""color_options"": [], ""compatibility"": null}"
d47f1895ec4f641a519a65d73d2157b5,esporte_lazer,29.99,Bolsa Térmica Compacta para Esportes,"A bolsa térmica compacta é ideal para quem pratica esportes e precisa manter bebidas e lanches frescos. Com dimensões de 16 cm de comprimento, 5 cm de altura e 13 cm de largura, ela é leve e fácil de transportar, pesando apenas 200 gramas. Feita com material resistente, garante durabilidade e eficiência térmica. Perfeita para caminhadas, corridas ou passeios ao ar livre. Aproveite a promoção por apenas R$ 29,99!","{""category"": ""esportes"", ""material"": null, ""audience"": null, ""features"": {""use_case"": ""manter bebidas e lanches frescos"", ""price_tier"": ""baixo""}, ""color_options"": [], ""compatibility"": null}"
cba3e8ca3dbfdffd6f83420526590416,esporte_lazer,22.0,Bola de Futebol de Praia,"Aproveite os dias ensolarados com a nossa Bola de Futebol de Praia! Leve e resistente, ela é perfeita para jogar na areia ou na grama. Com um peso de apenas 300g, é fácil de transportar e manusear. Suas dimensões compactas (22 x 18 x 18 cm) tornam-na ideal para qualquer atividade ao ar livre. Adquira já a sua por apenas R$ 22,00 e divirta-se com amigos e família!","{""category"": ""Esportes"", ""material"": null, ""audience"": null, ""features"": {""use_case"": ""Praia"", ""price_tier"": ""baixo""}, ""color_options"": [], ""compatibility"": null}"
6f0fa88a479cc04c328859b3546e1ab0,fashion_bolsas_e_acessorios,41.3,Mini Bolsa Transversal Estilo Casual,"A Mini Bolsa Transversal é perfeita para quem busca praticidade e estilo. Com dimensões compactas de 16 x 2 x 11 cm, ela é ideal para carregar o essencial do dia a dia. Feita com materiais leves, pesa apenas 200 gramas, garantindo conforto ao usar. Seu design moderno combina com diversas ocasiões, desde passeios informais até eventos mais descontraídos. Adquira já a sua por apenas R$ 41,30!","{""category"": ""bolsa"", ""material"": null, ""audience"": null, ""features"": {""use_case"": ""praticidade e estilo"", ""price_tier"": ""baixo""}, ""color_options"": [], ""compatibility"": null}"
f727305c90ca9b9c36d4e84a817bc01d,fashion_bolsas_e_acessorios,59.9,Bolsa Clutch Elegante,"A Bolsa Clutch Elegante é a escolha perfeita para complementar seu look em qualquer ocasião. Com um design sofisticado e compacto, ela possui dimensões de 16 x 9 x 11 cm, ideal para levar seus itens essenciais. Feita com materiais de alta qualidade, é leve, pesando apenas 200g. Disponível por apenas R$ 59,90, essa bolsa é uma adição indispensável ao seu guarda-roupa. Aposte na praticidade e estilo com essa peça versátil!","{""category"": ""bolsa"", ""material"": null, ""audience"": null, ""features"": {""use_case"": ""complementar look"", ""price_tier"": ""medio""}, ""color_options"": [], ""compatibility"": null}"
6167837141fac33cf09874ab78dcca86,fashion_calcados,84.9,Tênis Casual Unissex,"O Tênis Casual Unissex é a escolha perfeita para quem busca conforto e estilo no dia a dia. Com um design moderno e versátil, ele combina facilmente com diferentes looks, seja para o trabalho ou lazer. Feito com materiais de alta qualidade, garante durabilidade e resistência. Disponível por apenas R$ 84,90, é uma excelente opção para quem não abre mão de conforto e preço acessível. Peso leve de 750g e dimensões compactas facilitam o transporte e armazenamento.","{""category"": ""Tênis"", ""material"": null, ""audience"": ""Unissex"", ""features"": {""use_case"": ""dia a dia"", ""price_tier"": ""medio""}, ""color_options"": [], ""compatibility"": null}"
b853b073ca63585ef3afd79a4ab97ef1,fashion_calcados,29.9,Tênis Casual Unissex,"O Tênis Casual Unissex é perfeito para quem busca conforto e estilo no dia a dia. Com um design moderno, ele se adapta a diversas ocasiões, desde passeios até atividades esportivas. Feito com materiais leves, oferece respirabilidade e durabilidade. Disponível por apenas R$ 29,90, é uma excelente opção para quem não quer abrir mão da qualidade. Peso de 400g e dimensões de 29 x 7 x 16 cm.","{""category"": ""Tênis"", ""material"": null, ""audience"": ""Unissex"", ""features"": {""use_case"": ""casual, esportivo"", ""price_tier"": ""baixo""}, ""color_options"": [], ""compatibility"": null}"
2c955308d12bcb61c241322c9d0390f9,fashion_esporte,69.9,Camiseta Esportiva Masculina,"A Camiseta Esportiva Masculina é ideal para suas atividades físicas e momentos de lazer. Confeccionada em tecido leve e respirável, proporciona conforto e liberdade de movimento. Com um design moderno, ela se adapta perfeitamente ao seu estilo. Disponível por apenas R$ 69,90, é uma ótima escolha para quem busca qualidade e praticidade. Peso: 200g. Dimensões: 16cm x 12cm x 12cm.","{""category"": ""Camiseta"", ""material"": null, ""audience"": ""Masculino"", ""features"": {""use_case"": ""Atividades físicas e momentos de lazer"", ""price_tier"": ""medio""}, ""color_options"": [], ""compatibility"": null}"
a38e6346616a8f362c328b9537b1ca4d,fashion_esporte,59.9,Mochila de Corda para Atividades Físicas,"A mochila de corda é ideal para suas atividades esportivas. Com design leve e prático, ela possui dimensões de 18x12x12 cm, perfeita para transportar seus itens essenciais. Feita com material resistente, garante durabilidade e conforto. Seu peso de apenas 250 gramas a torna fácil de carregar. Aproveite a promoção e adquira a sua por apenas R$ 59,90!","{""category"": ""Mochila"", ""material"": null, ""audience"": null, ""features"": {""use_case"": ""Atividades Físicas"", ""price_tier"": ""medio""}, ""color_options"": [], ""compatibility"": null}"
6e02baf23db1455640241542c78be139,fashion_roupa_feminina,65.9,Blusa Feminina Casual,"Esta blusa feminina casual é perfeita para compor looks do dia a dia com estilo e conforto. Feita com material leve e respirável, proporciona liberdade de movimento. Disponível em diversas cores, ela se adapta a diferentes ocasiões, desde um passeio no parque até um encontro com amigos. Com um preço acessível de R$ 65,90, é uma peça que não pode faltar no seu guarda-roupa. Peso: 900g. Dimensões: 25cm x 5cm x 17cm.","{""category"": ""blusa feminina"", ""material"": null, ""audience"": ""feminino"", ""features"": {""use_case"": ""dia a dia"", ""price_tier"": ""medio""}, ""color_options"": [], ""compatibility"": null}"
ef43ce667e1a98728fd045dce7162c86,fashion_roupa_feminina,47.0,Blusa Feminina Casual,"Esta blusa feminina casual é perfeita para compor looks do dia a dia com estilo e conforto. Feita com material leve e respirável, proporciona liberdade de movimento. Disponível em várias cores, ela se adapta a diferentes ocasiões, desde um passeio até um encontro. Com um preço acessível de R$ 47,00, é uma peça que não pode faltar no seu guarda-roupa. Peso: 700g. Dimensões: 20cm x 12cm x 20cm.","{""category"": ""blusa feminina"", ""material"": null, ""audience"": ""feminino"", ""features"": {""use_case"": ""dia a dia"", ""price_tier"": ""baixo""}, ""color_options"": [""várias cores""], ""compatibility"": null}"
28ac6af4008a402e5039f3e042a36e13,fashion_roupa_infanto_juvenil,110.0,Mochila Infantil Estampada,"A Mochila Infantil Estampada é perfeita para acompanhar a rotina dos pequenos. Com um design divertido e colorido, ela traz estampas que encantam crianças de todas as idades. Feita com material resistente, possui amplo espaço interno para acomodar livros, cadernos e brinquedos. Suas dimensões de 36 x 10 x 26 cm e peso de 500g garantem conforto e praticidade. Adquira já a sua por apenas R$ 110,00!","{""category"": ""Mochila Infantil"", ""material"": null, ""audience"": ""Crianças"", ""features"": {""use_case"": ""Rotina escolar"", ""price_tier"": ""medio""}, ""color_options"": [""Colorido""], ""compatibility"": null}"
0ab3ab3b2869073aa9afe795fe9151aa,fashion_roupa_infanto_juvenil,110.0,Mochila Juvenil Estampada,"A Mochila Juvenil Estampada é perfeita para os jovens que buscam estilo e funcionalidade. Com um design moderno e divertido, ela é ideal para a escola ou passeios. Feita com materiais de alta qualidade, garante durabilidade e conforto. Suas dimensões de 36 x 10 x 26 cm e peso de 600g a tornam leve e prática para o dia a dia. Aproveite essa oportunidade por apenas R$ 110,00!","{""category"": ""mochila"", ""material"": null, ""audience"": ""juvenil"", ""features"": {""use_case"": ""escola ou passeios"", ""price_tier"": ""medio""}, ""color_options"": [], ""compatibility"": null}"
70faa98e995f58b0160bb8320b653e29,fashion_roupa_masculina,14.9,Cinto Masculino Casual,"Este cinto masculino casual é a escolha perfeita para complementar seu visual do dia a dia. Com um design moderno e versátil, ele se adapta a diferentes estilos e ocasiões. Feito com materiais de qualidade, oferece durabilidade e conforto ao usar. Com apenas 200g, é leve e fácil de transportar. Aproveite por apenas R$ 14,90!","{""category"": ""cinto"", ""material"": null, ""audience"": ""masculino"", ""features"": {""use_case"": ""casual"", ""price_tier"": ""baixo""}, ""color_options"": [], ""compatibility"": null}"
f3c2c2578c46d659b7940e784319413e,fashion_roupa_masculina,198.8,Camisa Masculina Casual,"A camisa masculina casual é perfeita para qualquer ocasião, oferecendo conforto e estilo. Confeccionada em tecido leve e respirável, ela se adapta facilmente ao seu dia a dia. Disponível em várias cores, essa peça é ideal para compor looks descontraídos ou mais elegantes. Com um preço acessível de R$ 198,80, é uma adição indispensável ao seu guarda-roupa. Aproveite a qualidade e o design moderno desta camisa!","{""category"": ""camisa"", ""material"": null, ""audience"": ""masculino"", ""features"": {""use_case"": ""casual"", ""price_tier"": ""medio""}, ""color_options"": [], ""compatibility"": null}"
3a3f0628722b2f548673a2f7f5fa5605,fashion_underwear_e_moda_praia,155.0,Sutiã Lace Elegance,"O Sutiã Lace Elegance é a escolha perfeita para quem busca conforto e estilo. Com detalhes em renda delicada, ele proporciona um ajuste perfeito e um toque de sofisticação ao seu dia a dia. Ideal para usar sob qualquer roupa, este sutiã combina beleza e funcionalidade. Disponível por apenas R$ 155,00, ele é um item essencial no seu guarda-roupa. Peso: 250g. Dimensões: 19cm x 9cm x 27cm.","{""category"": ""sutiã"", ""material"": null, ""audience"": null, ""features"": {""use_case"": ""uso diário"", ""price_tier"": ""medio""}, ""color_options"": [], ""compatibility"": null}"
e1a7aca09e5fc1209c44ef72571265b9,fashion_underwear_e_moda_praia,183.0,Sutiã de Renda Elegante,"Descubra o conforto e a sofisticação com nosso Sutiã de Renda Elegante. Feito com materiais de alta qualidade, ele proporciona um ajuste perfeito e suporte ideal para o dia a dia. Seu design delicado e detalhes em renda fazem dele uma peça indispensável no seu guarda-roupa. Com um preço acessível de R$ 183,00, você não pode deixar de ter essa peça incrível. Disponível em várias tamanhos, é a escolha perfeita para quem valoriza estilo e conforto.","{""category"": ""sutiã"", ""material"": null, ""audience"": null, ""features"": {""use_case"": ""dia a dia"", ""price_tier"": ""medio""}, ""color_options"": [], ""compatibility"": null}"
c91c24a6ec3aa0059e69656c4677e84d,ferramentas_jardim,201.99,Aspirador de Folhas Elétrico 3750g,"Mantenha seu jardim sempre limpo com o Aspirador de Folhas Elétrico. Com um design leve de 3750g, ele é fácil de manusear e ideal para qualquer tipo de terreno. Suas dimensões compactas (32.0 x 14.0 x 22.0 cm) permitem um armazenamento prático. Com potência eficiente, remove folhas e detritos com facilidade. Aproveite a promoção e leve o seu por apenas R$ 201,99!","{""category"": ""jardinagem"", ""material"": null, ""audience"": null, ""features"": {""use_case"": ""limpeza de jardim"", ""price_tier"": ""medio""}, ""color_options"": [], ""compatibility"": null}"
b23fd3f070d09d342bffeeea53c27aa3,ferramentas_jardim,119.9,Cortador de Grama Elétrico 1700W,"Mantenha seu jardim sempre bem cuidado com o Cortador de Grama Elétrico de 1700W. Com um design leve e prático, ele é ideal para pequenos e médios jardins. Suas dimensões compactas (30 x 64 x 30 cm) facilitam o manuseio e o armazenamento. Com um peso de apenas 17 kg, é fácil de transportar e operar. Aproveite a qualidade e eficiência por apenas R$ 119,90.","{""category"": ""cortador de grama"", ""material"": null, ""audience"": null, ""features"": {""use_case"": ""jardim"", ""price_tier"": ""medio""}, ""color_options"": [], ""compatibility"": null}"
c56d677c973431acb4abfedbd33d488c,flores,42.0,Buquê de Flores Frescas,"Surpreenda alguém especial com nosso buquê de flores frescas. Com 1800 gramas de beleza, ele é perfeito para qualquer ocasião. As flores são cuidadosamente selecionadas para garantir a frescura e a qualidade. Com dimensões de 16x16x16 cm, é fácil de acomodar em qualquer ambiente. Adquira já o seu por apenas R$ 42,00!","{""category"": ""flores"", ""material"": null, ""audience"": null, ""features"": {""use_case"": ""ocasião especial"", ""price_tier"": ""baixo""}, ""color_options"": [], ""compatibility"": null}"
74356542db3483a78a8ba69f5b7ea094,flores,59.9,Bouquet de Flores Frescas - 600g,"Surpreenda quem você ama com este lindo bouquet de flores frescas. Com 600g de beleza, ele é perfeito para ocasiões especiais ou para alegrar o dia a dia. As dimensões de 30cm de comprimento, 15cm de altura e 20cm de largura garantem um arranjo encantador. Ideal para presentear ou decorar sua casa. Aproveite esta oferta por apenas R$ 59,90!","{""category"": ""flores"", ""material"": null, ""audience"": null, ""features"": {""use_case"": ""presentear ou decorar"", ""price_tier"": ""medio""}, ""color_options"": [], ""compatibility"": null}"
f3412532ea4da687eaa6943639812bc3,fraldas_higiene,134.9,Fraldas Super Absorventes - Pacote com 700g,"As fraldas super absorventes são ideais para manter seu bebê seco e confortável durante todo o dia. Com um pacote de 700g, elas oferecem proteção eficaz contra vazamentos, garantindo tranquilidade para os pais. As dimensões do produto são 35.0 cm de comprimento, 7.0 cm de altura e 29.0 cm de largura, facilitando o armazenamento. Com um preço de R$ 134,90, você garante qualidade e conforto para o seu pequeno. Perfeitas para o uso diário, essas fraldas são um item essencial para a higiene do seu bebê.","{""category"": ""fraldas"", ""material"": null, ""audience"": ""bebê"", ""features"": {""use_case"": ""higiene"", ""price_tier"": ""medio""}, ""color_options"": [], ""compatibility"": null}"
6e7f4ae007302e93c5610894712289bb,fraldas_higiene,60.0,Pacote de Fraldas Super Absorventes - 1250g,"As fraldas super absorventes oferecem conforto e proteção para o seu bebê. Com um pacote de 1250g, elas são ideais para o uso diário, garantindo que seu pequeno fique sequinho por mais tempo. As dimensões compactas de 20cm x 22cm x 16cm facilitam o armazenamento. Aproveite a qualidade e segurança que seu filho merece por apenas R$ 60,00.","{""category"": ""fraldas"", ""material"": null, ""audience"": ""bebê"", ""features"": {""use_case"": ""uso diário"", ""price_tier"": ""medio""}, ""color_options"": [], ""compatibility"": null}"
f5eafd694f3a7959e352920537496c7c,industria_comercio_e_negocios,145.97,Organizador de Ferramentas 36x25x44 cm,"Mantenha suas ferramentas sempre à mão com este prático organizador de ferramentas. Com dimensões de 36 cm de comprimento, 25 cm de altura e 44 cm de largura, ele oferece amplo espaço para armazenamento. Pesando 8,4 kg, é robusto e ideal para uso em indústrias e comércio. Seu design otimiza o espaço e facilita a organização, tornando seu trabalho mais eficiente. Aproveite a qualidade e praticidade por apenas R$ 145,97.","{""category"": ""organizador"", ""material"": null, ""audience"": null, ""features"": {""use_case"": ""armazenamento de ferramentas"", ""price_tier"": ""medio""}, ""color_options"": [], ""compatibility"": null}"
9bdb80cc5cad441e3818ce85c23ba172,industria_comercio_e_negocios,87.0,Caixa Organizadora Multiuso 30x20x30 cm,"A Caixa Organizadora Multiuso é perfeita para manter a sua casa ou escritório sempre em ordem. Com dimensões de 30x20x30 cm e peso de 1350 gramas, ela oferece amplo espaço para armazenar diversos itens. Ideal para organizar documentos, materiais de escritório ou até mesmo brinquedos. Seu design prático e funcional se adapta a qualquer ambiente. Aproveite a promoção e adquira já a sua por apenas R$ 87,00!","{""category"": ""organização"", ""material"": null, ""audience"": null, ""features"": {""use_case"": ""armazenar diversos itens"", ""price_tier"": ""medio""}, ""color_options"": [], ""compatibility"": null}"
fcb9824e33f82adb4fcac27ef46905b5,informatica_acessorios,50.99,Teclado USB Slim para Computador,"O Teclado USB Slim é a escolha perfeita para quem busca conforto e praticidade na hora de digitar. Com um design elegante e compacto, ele se adapta facilmente ao seu espaço de trabalho. Seu peso leve de apenas 100 gramas e dimensões de 40 x 2 x 24 cm tornam-no ideal para transporte. Compatível com diversos sistemas operacionais, é fácil de conectar e usar. Adquira já o seu por apenas R$ 50,99!","{""category"": ""teclado"", ""material"": null, ""audience"": null, ""features"": {""use_case"": ""computador"", ""price_tier"": ""medio""}, ""color_options"": [], ""compatibility"": ""diversos sistemas operacionais""}"
d169836257fb54117a84c70913117d6f,informatica_acessorios,39.45,Suporte para Notebook Ajustável,"O Suporte para Notebook Ajustável é ideal para quem busca conforto e ergonomia durante o uso do computador. Com dimensões de 16 x 22 x 16 cm e pesando apenas 200 gramas, ele é leve e fácil de transportar. Fabricado com materiais de alta qualidade, oferece estabilidade e segurança para seu dispositivo. Seu design moderno se adapta a diferentes ambientes, seja em casa ou no escritório. Aproveite a oportunidade e adquira já o seu por apenas R$ 39,45!","{""category"": ""suporte"", ""material"": null, ""audience"": null, ""features"": {""use_case"": ""ergonomia"", ""price_tier"": ""baixo""}, ""color_options"": [], ""compatibility"": null}"
59c6d60f81179f563785a48de25532b9,instrumentos_musicais,24.0,Pandeiro de Madeira 52cm,"O Pandeiro de Madeira é ideal para quem busca qualidade sonora e durabilidade. Com 52 cm de diâmetro, ele proporciona um som rico e vibrante, perfeito para diversos estilos musicais. Pesando apenas 100 gramas, é leve e fácil de manusear. Suas dimensões de 52 x 4 x 52 cm garantem conforto durante a performance. Aproveite a promoção e adquira por apenas R$ 24,00!","{""category"": ""instrumento musical"", ""material"": null, ""audience"": null, ""features"": {""use_case"": ""performance musical"", ""price_tier"": ""baixo""}, ""color_options"": [], ""compatibility"": null}"
2a4d7197cdde9396e685ed950985ae2f,instrumentos_musicais,69.95,Capa para Violão Clássico,"Proteja seu violão clássico com esta capa resistente e leve. Com dimensões de 33 x 4 x 24 cm, ela é ideal para transporte e armazenamento. Feita com material de alta qualidade, garante segurança contra poeira e impactos. Pesando apenas 600 gramas, é fácil de carregar. Aproveite a promoção e leve a sua por apenas R$ 69,95!","{""category"": ""capa"", ""material"": null, ""audience"": null, ""features"": {""use_case"": ""transporte e armazenamento"", ""price_tier"": ""medio""}, ""color_options"": [], ""compatibility"": null}"
724c49c346d2979339d366fa59ce49de,la_cuisine,119.99,Conjunto de Utensílios de Cozinha - 36 Peças,"Transforme sua experiência na cozinha com este incrível conjunto de utensílios. Com 36 peças, ele inclui tudo que você precisa para preparar suas receitas favoritas. Feito com materiais de alta qualidade, é durável e fácil de limpar. Ideal para chefs iniciantes e experientes, este conjunto é perfeito para qualquer tipo de cozinha. Aproveite por apenas R$ 119,99!","{""category"": ""utensílios de cozinha"", ""material"": null, ""audience"": ""chefs iniciantes e experientes"", ""features"": {""use_case"": ""preparar receitas"", ""price_tier"": ""medio""}, ""color_options"": [], ""compatibility"": null}"
e2dd0cb9b99517a86cbc9441cbb55348,la_cuisine,24.0,Conjunto de Utensílios de Cozinha,"Transforme sua experiência culinária com este conjunto de utensílios de cozinha. Composto por itens essenciais, ele é ideal para quem ama cozinhar e busca praticidade. Fabricado em material resistente, garante durabilidade e facilidade na limpeza. Suas dimensões compactas (31 x 10 x 18 cm) facilitam o armazenamento. Aproveite a qualidade e o preço acessível de apenas R$ 24,00.","{""category"": ""utensílios de cozinha"", ""material"": null, ""audience"": null, ""features"": {""use_case"": ""culinária"", ""price_tier"": ""baixo""}, ""color_options"": [], ""compatibility"": null}"
92a0ba05cdafc24128ead0890a8a2c79,livros_importados,19.99,Livro Importado - Clássicos da Literatura,"Descubra os grandes clássicos da literatura mundial com este livro importado. Com 900 gramas e dimensões de 45 x 5 x 25 cm, ele é perfeito para quem aprecia uma boa leitura. Ideal para presentear ou para enriquecer sua estante. Aproveite a oportunidade de adquirir um exemplar por apenas R$ 19,99. Não perca essa chance de mergulhar em histórias inesquecíveis!","{""category"": ""livros"", ""material"": null, ""audience"": null, ""features"": {""use_case"": ""leitura"", ""price_tier"": ""baixo""}, ""color_options"": [], ""compatibility"": null}"
604f77463358e12a3154c65cf2c5d3d5,livros_importados,103.0,Livro Importado: A Arte da Guerra,"Descubra os ensinamentos milenares de Sun Tzu em 'A Arte da Guerra', um clássico da literatura estratégica. Este livro importado traz reflexões sobre liderança, planejamento e táticas que podem ser aplicadas em diversas áreas da vida. Com 700 gramas e dimensões de 29 x 22 x 2 cm, é perfeito para quem busca aprofundar seus conhecimentos. Adquira já o seu por apenas R$ 103,00 e transforme sua maneira de pensar e agir.","{""category"": ""livros"", ""material"": null, ""audience"": null, ""features"": {""use_case"": ""leitura"", ""price_tier"": ""medio""}, ""color_options"": [], ""compatibility"": null}"
08567cdf24fd261914bbb7a2b1b9a2f2,livros_interesse_geral,22.68,Livro de Interesse Geral - Conhecimento para Todos,"Descubra uma coletânea de temas fascinantes que despertam a curiosidade e ampliam seus horizontes. Este livro aborda assuntos variados, desde ciência até cultura, proporcionando uma leitura enriquecedora. Com 450 gramas e dimensões de 23 x 16 x 2 cm, é perfeito para levar na bolsa ou deixar na mesa de cabeceira. Aproveite a oportunidade de adquirir conhecimento por apenas R$ 22,68. Um investimento que vale a pena para quem busca aprender sempre!","{""category"": ""livros"", ""material"": null, ""audience"": null, ""features"": {""use_case"": ""leitura"", ""price_tier"": ""baixo""}, ""color_options"": [], ""compatibility"": null}"
50bfd369147864f6d0561bbdc0b610ba,livros_interesse_geral,65.9,Livro de Interesse Geral - Descubra Novos Horizontes,"Este livro fascinante explora uma variedade de temas que despertam a curiosidade e ampliam o conhecimento. Com 800 gramas de conteúdo rico, é perfeito para quem busca aprender e se inspirar. Suas dimensões de 25 x 12 x 16 cm tornam-no ideal para leitura em casa ou em viagens. Adquira já o seu por apenas R$ 65,90 e mergulhe em novas descobertas!","{""category"": ""livro"", ""material"": null, ""audience"": null, ""features"": {""use_case"": ""leitura"", ""price_tier"": ""medio""}, ""color_options"": [], ""compatibility"": null}"
ebb7abe5ebd35c40595ab16a4ada5c9d,livros_tecnicos,29.45,Guia Prático de Programação em Python,"Aprenda a programar com o nosso Guia Prático de Programação em Python. Este livro técnico é ideal tanto para iniciantes quanto para profissionais que desejam aprimorar suas habilidades. Com 550 gramas e dimensões de 23 x 2 x 16 cm, ele é perfeito para levar a qualquer lugar. Descubra conceitos fundamentais e técnicas avançadas de forma clara e objetiva. Adquira já o seu por apenas R$ 29,45!","{""category"": ""programação"", ""material"": null, ""audience"": ""iniciantes e profissionais"", ""features"": {""use_case"": ""aprimorar habilidades em programação"", ""price_tier"": ""baixo""}, ""color_options"": [], ""compatibility"": null}"
d39d1b0a696aa782911206ec3c023ab1,livros_tecnicos,14.95,Aprendizado de Máquina: Fundamentos e Aplicações,"Este livro é uma introdução completa ao aprendizado de máquina, abordando conceitos fundamentais e suas aplicações práticas. Com uma linguagem acessível, ele é ideal tanto para iniciantes quanto para profissionais que desejam aprimorar seus conhecimentos. O conteúdo inclui exemplos práticos e exercícios que facilitam a compreensão. Com 300 gramas e dimensões de 21 x 2 x 14 cm, é perfeito para levar na bolsa ou na mochila. Adquira já por apenas R$ 14,95!","{""category"": ""livro"", ""material"": null, ""audience"": ""iniciantes e profissionais"", ""features"": {""use_case"": ""aprendizado de máquina"", ""price_tier"": ""baixo""}, ""color_options"": [], ""compatibility"": null}"
fbb280a5758e5cb3b4f72e652794103d,malas_acessorios,92.0,Mala de Viagem Grande - 60cm,"Viaje com estilo e praticidade com nossa mala de viagem grande. Com dimensões de 60cm x 40cm x 40cm, ela oferece amplo espaço para suas roupas e acessórios. Pesando apenas 16,05 kg, é leve e fácil de manusear. Ideal para viagens longas ou curtas, sua estrutura resistente garante segurança para seus pertences. Aproveite a oferta por apenas R$ 92,00!","{""category"": ""mala de viagem"", ""material"": null, ""audience"": null, ""features"": {""use_case"": ""viagens longas ou curtas"", ""price_tier"": ""medio""}, ""color_options"": [], ""compatibility"": null}"
2c84220fe9da006b23135d32964d10ec,malas_acessorios,135.99,Mala de Viagem Compacta 36L,"A Mala de Viagem Compacta 36L é perfeita para suas aventuras. Com dimensões de 36 x 19 x 36 cm e peso de apenas 1400 g, ela é leve e fácil de transportar. Seu design moderno e funcional garante espaço suficiente para suas roupas e acessórios. Ideal para viagens curtas ou como bagagem de mão. Aproveite a praticidade e estilo por apenas R$ 135,99!","{""category"": ""mala de viagem"", ""material"": null, ""audience"": null, ""features"": {""use_case"": ""viagens curtas"", ""price_tier"": ""medio""}, ""color_options"": [], ""compatibility"": null}"
de6517dda8e49774f58c07f80abc8d7a,market_place,69.0,Organizador de Mesa Multiuso,"Mantenha sua mesa sempre organizada com este prático organizador multiuso. Com dimensões de 26 cm de comprimento, 17 cm de altura e 24 cm de largura, ele é ideal para armazenar materiais de escritório, acessórios e muito mais. Pesando apenas 950 gramas, é leve e fácil de transportar. Seu design moderno se adapta a qualquer ambiente, seja em casa ou no trabalho. Aproveite a promoção e adquira já o seu por apenas R$ 69,00!","{""category"": ""organizador"", ""material"": null, ""audience"": null, ""features"": {""use_case"": ""mesa"", ""price_tier"": ""medio""}, ""color_options"": [], ""compatibility"": null}"
58a49d31cbfaa89fcb87b335ad0e2797,market_place,59.9,Caderno Universitário 200 Folhas,"Este caderno universitário é ideal para estudantes que buscam praticidade e organização. Com 200 folhas, ele oferece espaço suficiente para anotações e desenhos. Suas dimensões de 22 cm x 16 cm tornam-no fácil de carregar na mochila. O produto pesa apenas 200 gramas, garantindo leveza e conforto. Adquira já o seu por apenas R$ 59,90!","{""category"": ""caderno"", ""material"": null, ""audience"": ""estudantes"", ""features"": {""use_case"": ""anotações e desenhos"", ""price_tier"": ""medio""}, ""color_options"": [], ""compatibility"": null}"
107fde0930956120d1e13dd1062fbb46,moveis_colchao_e_estofado,399.99,Poltrona Estofada Conforto,"A Poltrona Estofada Conforto é perfeita para quem busca estilo e conforto para a sua sala. Com um design moderno, ela se adapta a qualquer ambiente, proporcionando um toque especial à decoração. Seu estofado macio e acolhedor garante momentos de relaxamento. Com dimensões de 60 cm de largura, 73 cm de altura e 60 cm de profundidade, é ideal para espaços pequenos. Aproveite esta oportunidade por apenas R$ 399,99!","{""category"": ""móveis"", ""material"": null, ""audience"": null, ""features"": {""use_case"": ""sala"", ""price_tier"": ""alto""}, ""color_options"": [], ""compatibility"": null}"
5f5d009b0eed255c950e16ccad915ff7,moveis_colchao_e_estofado,44.7,Cadeira de Escritório Ergonomica,"A Cadeira de Escritório Ergonomica é ideal para quem busca conforto e praticidade no dia a dia. Com design moderno e ajuste de altura, proporciona uma experiência de trabalho mais agradável. Suas dimensões de 40 cm de largura, 46 cm de altura e 35 cm de profundidade se adaptam facilmente a qualquer ambiente. Feita com materiais de qualidade, suporta até 10.750 gramas. Aproveite a promoção e leve para casa por apenas R$ 44,70!","{""category"": ""Cadeira de Escritório"", ""material"": null, ""audience"": null, ""features"": {""use_case"": ""Conforto e praticidade no dia a dia"", ""price_tier"": ""baixo""}, ""color_options"": [], ""compatibility"": null}"
013b5dd7d319685753e2c12292975615,moveis_cozinha_area_de_servico_jantar_e_jardim,265.99,Conjunto de Mesa e Cadeiras para Jantar,"Transforme sua área de jantar com este elegante conjunto de mesa e cadeiras. Com dimensões de 65 cm de comprimento, 63 cm de altura e 64 cm de largura, ele se adapta perfeitamente a qualquer espaço. O design moderno e funcional proporciona conforto e estilo para suas refeições. Com um peso total de 10,1 kg, é fácil de mover e rearranjar. Aproveite a promoção e leve para casa por apenas R$ 265,99!","{""category"": ""móveis"", ""material"": null, ""audience"": null, ""features"": {""use_case"": ""jantar"", ""price_tier"": ""alto""}, ""color_options"": [], ""compatibility"": null}"
261244fc4d0197d8772346872f5b0f5e,moveis_cozinha_area_de_servico_jantar_e_jardim,35.9,Organizador de Utensílios para Cozinha,"Mantenha sua cozinha sempre organizada com este prático organizador de utensílios. Com dimensões de 41 cm de comprimento, 12 cm de altura e 12 cm de largura, ele se adapta facilmente a diversos espaços. Fabricado com materiais de qualidade, é leve e resistente, pesando apenas 975 gramas. Ideal para armazenar talheres, temperos e outros itens essenciais. Aproveite esta oportunidade por apenas R$ 35,90!","{""category"": ""organizador"", ""material"": null, ""audience"": null, ""features"": {""use_case"": ""armazenar talheres, temperos e outros itens essenciais"", ""price_tier"": ""baixo""}, ""color_options"": [], ""compatibility"": null}"
1e98bf6bff8100a01b0c1039aa05db9a,moveis_decoracao,59.9,Prateleira Flutuante de Madeira,"Adicione um toque de charme à sua decoração com a nossa prateleira flutuante de madeira. Com dimensões de 80 cm de comprimento, 20 cm de altura e 20 cm de largura, é perfeita para exibir livros, plantas e objetos decorativos. Seu design minimalista combina com qualquer ambiente, seja na sala, no quarto ou no escritório. Fabricada com material resistente, suporta até 1200 gramas. Aproveite a promoção e adquira por apenas R$ 59,90!","{""category"": ""prateleira"", ""material"": ""madeira"", ""audience"": null, ""features"": {""use_case"": ""decoração"", ""price_tier"": ""medio""}, ""color_options"": [], ""compatibility"": null}"
a9b36aaa68ebd315701524c822800f29,moveis_decoracao,79.9,Prateleira Flutuante de Madeira,"Adicione um toque de elegância à sua decoração com esta prateleira flutuante de madeira. Com dimensões de 70 cm de comprimento, 7 cm de altura e 11 cm de largura, ela é perfeita para exibir livros, plantas ou objetos decorativos. Seu design moderno e discreto se adapta a qualquer ambiente, seja na sala, no quarto ou no escritório. Com um peso de apenas 550 gramas, é fácil de instalar e suporta bem o que você precisar. Aproveite a promoção e leve para casa por apenas R$ 79,90!","{""category"": ""prateleira"", ""material"": ""madeira"", ""audience"": null, ""features"": {""use_case"": ""decoração"", ""price_tier"": ""medio""}, ""color_options"": [], ""compatibility"": null}"
6ffccc089c964ffc65eb623f5acf4a1a,moveis_escritorio,189.99,Mesa de Escritório Compacta,"A Mesa de Escritório Compacta é ideal para quem busca funcionalidade e estilo em um espaço reduzido. Com dimensões de 48 cm de comprimento, 45 cm de altura e 56 cm de largura, ela se adapta facilmente a qualquer ambiente. Fabricada com materiais de alta qualidade, suporta um peso de até 25,5 kg, garantindo durabilidade. Seu design moderno proporciona um toque elegante ao seu escritório ou home office. Aproveite esta oportunidade por apenas R$ 189,99!","{""category"": ""móveis"", ""material"": null, ""audience"": null, ""features"": {""use_case"": ""escritório"", ""price_tier"": ""medio""}, ""color_options"": [], ""compatibility"": null}"
41b43381a92451746dc1374dbbd4c43e,moveis_escritorio,149.99,Mesa de Escritório Compacta,"A mesa de escritório compacta é ideal para quem busca otimizar o espaço sem abrir mão da funcionalidade. Com dimensões de 57 cm de comprimento, 55 cm de altura e 22 cm de largura, ela se adapta facilmente a qualquer ambiente. Produzida com materiais de qualidade, suporta um peso de até 10 kg. Seu design moderno e minimalista combina com diversos estilos de decoração. Aproveite essa oportunidade por apenas R$ 149,99!","{""category"": ""mesa de escritório"", ""material"": null, ""audience"": null, ""features"": {""use_case"": ""otimizar o espaço"", ""price_tier"": ""medio""}, ""color_options"": [], ""compatibility"": null}"
053bc43c110771a8ade43dd4462c3fa0,moveis_quarto,204.0,Cômoda Compacta para Quarto,"A Cômoda Compacta é a solução ideal para quem busca organização e estilo no quarto. Com dimensões de 38 x 58 x 38 cm, ela se adapta facilmente a espaços menores. Fabricada com materiais de qualidade, possui um design moderno e funcional. Seu peso de 18,5 kg garante estabilidade e durabilidade. Aproveite esta peça por apenas R$ 204,00 e transforme seu ambiente!","{""category"": ""móveis"", ""material"": null, ""audience"": null, ""features"": {""use_case"": ""organização e estilo no quarto"", ""price_tier"": ""alto""}, ""color_options"": [], ""compatibility"": null}"
bf7a3359eeb43b9944c70293e4be896a,moveis_quarto,129.0,Prateleira Flutuante para Quarto,"Organize seu espaço com estilo utilizando nossa prateleira flutuante. Com dimensões de 60 cm de comprimento, 5 cm de altura e 90 cm de largura, ela é ideal para exibir livros, fotos e objetos decorativos. Feita com materiais de alta qualidade, suporta até 14 kg e é fácil de instalar. Seu design moderno combina com qualquer decoração, trazendo um toque especial ao seu quarto. Aproveite por apenas R$ 129,00!","{""category"": ""prateleira"", ""material"": null, ""audience"": null, ""features"": {""use_case"": ""organização"", ""price_tier"": ""medio""}, ""color_options"": [], ""compatibility"": null}"
1033f9821d88262baf13892e285de798,moveis_sala,128.7,Prateleira Flutuante para Sala,"Organize sua sala com estilo utilizando nossa prateleira flutuante. Com dimensões de 61 cm de comprimento, 13 cm de altura e 25 cm de largura, ela é perfeita para exibir livros, fotos e objetos decorativos. Feita com material de alta qualidade, suporta até 950 gramas. Seu design moderno combina com qualquer ambiente, trazendo um toque de elegância. Aproveite a oferta por apenas R$ 128,70!","{""category"": ""prateleira"", ""material"": null, ""audience"": null, ""features"": {""use_case"": ""organização"", ""price_tier"": ""medio""}, ""color_options"": [], ""compatibility"": null}"
0e9dfb804bafa3d68ef3ee7a621abfb2,moveis_sala,398.0,Poltrona Estofada para Sala,"Transforme sua sala de estar com esta elegante poltrona estofada. Com um design moderno e aconchegante, ela oferece conforto e estilo para qualquer ambiente. Suas dimensões de 68 cm de comprimento, 55 cm de altura e 77 cm de largura a tornam perfeita para espaços pequenos. Pesando 30 kg, é robusta e durável. Aproveite esta oportunidade por apenas R$ 398,00!","{""category"": ""móveis"", ""material"": null, ""audience"": null, ""features"": {""use_case"": ""sala de estar"", ""price_tier"": ""alto""}, ""color_options"": [], ""compatibility"": null}"
24dbd57bf68a29e64c462b88087b93ed,musica,1165.97,Piano Digital 88 Teclas,"Descubra a magia da música com este piano digital de 88 teclas, ideal para músicos iniciantes e avançados. Com um design elegante e dimensões de 100 cm x 12 cm x 47 cm, ele se encaixa perfeitamente em qualquer ambiente. Pesando 7450 gramas, é fácil de transportar para ensaios e apresentações. Aproveite a qualidade sonora e os diversos recursos que vão elevar sua performance musical. Adquira agora por apenas R$ 1165,97!","{""category"": ""piano digital"", ""material"": null, ""audience"": ""músicos iniciantes e avançados"", ""features"": {""use_case"": ""performance musical"", ""price_tier"": ""alto""}, ""color_options"": [], ""compatibility"": null}"
25a048d00b596eeac27424b4e897f07e,musica,99.9,Álbum de Música Clássica - Edição Especial,"Descubra a beleza da música clássica com este álbum de edição especial. Com uma seleção de obras-primas de compositores renomados, este produto é ideal para amantes da música e colecionadores. O álbum possui dimensões de 24.0 x 11.0 x 16.0 cm e pesa apenas 100 gramas, facilitando o transporte e armazenamento. Adquira já o seu por apenas R$ 99,90 e mergulhe em uma experiência sonora única!","{""category"": ""Música Clássica"", ""material"": null, ""audience"": ""amantes da música e colecionadores"", ""features"": {""use_case"": ""experiência sonora única"", ""price_tier"": ""medio""}, ""color_options"": [], ""compatibility"": null}"
d458378a178cd7cae60052319cebf235,papelaria,131.0,Caderno Universitário 200 Folhas,"O Caderno Universitário é ideal para estudantes que buscam organização e praticidade. Com 200 folhas, suas dimensões de 24 x 7 x 14 cm o tornam perfeito para ser levado na mochila. Pesando apenas 200 gramas, é leve e fácil de manusear. Seu design moderno e versátil atende a todas as suas necessidades de anotações. Aproveite por apenas R$ 131,00!","{""category"": ""Caderno"", ""material"": null, ""audience"": ""Estudantes"", ""features"": {""use_case"": ""Anotações"", ""price_tier"": ""medio""}, ""color_options"": [], ""compatibility"": null}"
e2e921d1e2a5acc453c66618a9261b47,papelaria,124.9,Conjunto de Papéis para Artesanato 1900g,"Transforme suas criações com nosso Conjunto de Papéis para Artesanato. Com 1900g de papéis de alta qualidade, você terá tudo o que precisa para dar vida às suas ideias. As dimensões do pacote são 40cm x 16cm x 35cm, tornando-o fácil de armazenar e transportar. Ideal para projetos escolares, scrapbooking e muito mais. Aproveite a oferta por apenas R$ 124,90!","{""category"": ""papéis para artesanato"", ""material"": null, ""audience"": null, ""features"": {""use_case"": ""projetos escolares, scrapbooking"", ""price_tier"": ""medio""}, ""color_options"": [], ""compatibility"": null}"
6727051471a0fc4a0e7737b57bff2549,pc_gamer,219.0,Suporte para PC Gamer - Praticidade e Estilo,"Melhore a organização do seu setup com este suporte para PC gamer. Com dimensões de 16.0 x 22.0 x 20.0 cm e pesando apenas 650g, ele é leve e fácil de posicionar. Ideal para otimizar o espaço e garantir a ventilação adequada do seu computador. Seu design moderno se adapta a qualquer ambiente, trazendo um toque de estilo ao seu espaço gamer. Aproveite por apenas R$ 219,00!","{""category"": ""suporte"", ""material"": null, ""audience"": null, ""features"": {""use_case"": ""organização do setup"", ""price_tier"": ""alto""}, ""color_options"": [], ""compatibility"": null}"
dbe520fb381ad695a7e1f2807d20c765,pc_gamer,239.0,Suporte para PC Gamer - Estabilidade e Estilo,"Aumente a performance do seu setup com este suporte para PC Gamer. Com dimensões de 18 cm de comprimento, 22 cm de altura e 22 cm de largura, ele se adapta perfeitamente a qualquer espaço. Pesando apenas 800 gramas, é fácil de mover e instalar. O design moderno garante que seu ambiente de jogo fique ainda mais estiloso. Aproveite a oferta por apenas R$ 239,00!","{""category"": ""Suporte para PC Gamer"", ""material"": null, ""audience"": null, ""features"": {""use_case"": ""Aumente a performance do seu setup"", ""price_tier"": ""alto""}, ""color_options"": [], ""compatibility"": null}"
437c27398475365e3103e091ce518c6f,pcs,580.0,PC Completo para Escritório e Estudo,"Este PC é ideal para quem busca eficiência e desempenho em tarefas diárias. Com um design compacto, ele se adapta facilmente a qualquer ambiente. Pesando 12,55 kg, é robusto e confiável. Suas dimensões de 43 cm x 42 cm x 22 cm garantem que ele ocupe pouco espaço. Aproveite esta oferta por apenas R$ 580,00!","{""category"": ""PC"", ""material"": null, ""audience"": null, ""features"": {""use_case"": ""Escritório e Estudo"", ""price_tier"": ""medio""}, ""color_options"": [], ""compatibility"": null}"
fb8c11da2e1b1634e879d1c3c6762dc2,pcs,850.0,PC Compacto para Escritório,"Este PC compacto é ideal para quem busca eficiência e praticidade no dia a dia. Com dimensões de 16 x 31 x 39 cm, ele se adapta facilmente a qualquer espaço. Pesando apenas 2400 gramas, é leve e fácil de transportar. Perfeito para tarefas de escritório, navegação na internet e entretenimento. Aproveite a qualidade e o desempenho por apenas R$ 850,00!","{""category"": ""PC"", ""material"": null, ""audience"": null, ""features"": {""use_case"": ""escritório"", ""price_tier"": ""medio""}, ""color_options"": [], ""compatibility"": null}"
e1f3f6e6cd65169825945c5d696f568a,perfumaria,141.9,Perfume Elegance 400ml,"Descubra a sofisticação do Perfume Elegance, uma fragrância envolvente que combina notas florais e amadeiradas. Ideal para ocasiões especiais ou para o uso diário, este perfume proporciona uma sensação de frescor e elegância. Com 400ml, você terá uma experiência duradoura e marcante. Suas dimensões compactas (16.0 x 7.0 x 12.0 cm) facilitam o armazenamento. Aproveite por apenas R$ 141,90!","{""category"": ""perfume"", ""material"": null, ""audience"": null, ""features"": {""use_case"": ""ocasiões especiais ou uso diário"", ""price_tier"": ""medio""}, ""color_options"": [], ""compatibility"": null}"
2007f2b457d10773f0d40622a433a22c,perfumaria,98.9,Perfume Floral Elegante 100ml,"Descubra a essência do frescor com nosso Perfume Floral Elegante. Com 100ml de pura sofisticação, esta fragrância é perfeita para qualquer ocasião. Suas notas florais envolventes proporcionam uma sensação de leveza e bem-estar. Ideal para quem busca um toque de elegância no dia a dia. Aproveite por apenas R$ 98,90!","{""category"": ""perfume"", ""material"": null, ""audience"": null, ""features"": {""use_case"": ""fragrância"", ""price_tier"": ""medio""}, ""color_options"": [], ""compatibility"": null}"
73353895a654703808e8ac484d6abe20,pet_shop,119.9,Cama para Cães Grande - Conforto e Estilo,"Proporcione ao seu melhor amigo um descanso de qualidade com a nossa cama para cães grande. Com dimensões de 50 x 20 x 40 cm, ela é ideal para pets que adoram se esticar. Feita com materiais de alta qualidade, garante conforto e durabilidade. Seu design moderno combina com qualquer ambiente da casa. Peso total de 1700g. Aproveite por apenas R$ 119,90!","{""category"": ""cama para cães"", ""material"": null, ""audience"": null, ""features"": {""use_case"": ""descanso de qualidade"", ""price_tier"": ""medio""}, ""color_options"": [], ""compatibility"": null}"
bd41529f5f1face3f1d0d72ae81188a6,pet_shop,110.0,Ração Premium para Cães 450g,"A Ração Premium para Cães é ideal para manter seu pet saudável e cheio de energia. Com uma fórmula balanceada, ela atende às necessidades nutricionais dos cães de todas as idades. Embalada em porções de 450g, é perfeita para facilitar o armazenamento e o consumo. As dimensões do pacote são 23cm de comprimento, 4cm de altura e 21cm de largura. Adquira agora por apenas R$ 110,00 e proporcione o melhor para o seu melhor amigo!","{""category"": ""ração"", ""material"": null, ""audience"": null, ""features"": {""use_case"": ""nutricional"", ""price_tier"": ""medio""}, ""color_options"": [], ""compatibility"": null}"
9806189f9cb679bcd5326b460c2b9073,portateis_casa_forno_e_cafe,220.0,Fritadeira Elétrica Sem Óleo 2L,"A fritadeira elétrica sem óleo é ideal para quem busca uma alimentação mais saudável sem abrir mão do sabor. Com capacidade de 2 litros, ela permite preparar uma variedade de pratos crocantes e deliciosos. Suas dimensões compactas (17 x 29 x 17 cm) fazem dela uma ótima opção para qualquer cozinha. Com um peso de apenas 2 kg, é fácil de manusear e armazenar. Aproveite a promoção e leve para casa essa praticidade por apenas R$ 220,00!","{""category"": ""fritadeira"", ""material"": null, ""audience"": null, ""features"": {""use_case"": ""preparar pratos crocantes e deliciosos"", ""price_tier"": ""alto""}, ""color_options"": [], ""compatibility"": null}"
938e036a795cdacb18ed3c5a598f6cf0,portateis_casa_forno_e_cafe,1499.0,Forno Elétrico 43L - Ideal para sua Cozinha,"Descubra o forno elétrico de 43 litros, perfeito para preparar suas receitas favoritas com praticidade e eficiência. Com dimensões de 43 x 15 x 32 cm e um peso de 4925 gramas, ele se adapta facilmente à sua cozinha. Com um design moderno e funcional, este forno oferece diversas opções de temperatura e tempo, garantindo um cozimento uniforme. Aproveite a qualidade e o sabor dos seus pratos por apenas R$ 1499,00.","{""category"": ""eletrodomésticos"", ""material"": null, ""audience"": null, ""features"": {""use_case"": ""cozinha"", ""price_tier"": ""alto""}, ""color_options"": [], ""compatibility"": null}"
1220978a08a6b29a202bc015b18250e9,portateis_cozinha_e_preparadores_de_alimentos,20.09,Centrífuga de Salada 25cm,"A centrífuga de salada é ideal para quem busca praticidade na cozinha. Com dimensões de 25cm x 33cm x 25cm e peso de 1200g, ela é leve e fácil de manusear. Prepare suas saladas de forma rápida e eficiente, garantindo folhas crocantes e frescas. Seu design compacto permite armazenamento em qualquer lugar. Aproveite a promoção e adquira já por apenas R$ 20,09!","{""category"": ""Centrífuga de Salada"", ""material"": null, ""audience"": null, ""features"": {""use_case"": ""preparar saladas"", ""price_tier"": ""baixo""}, ""color_options"": [], ""compatibility"": null}"
cb9d764f38ee4d0c00af64d5c388f837,portateis_cozinha_e_preparadores_de_alimentos,34.9,Processador de Alimentos Compacto,"O Processador de Alimentos Compacto é ideal para quem busca praticidade na cozinha. Com um design moderno e eficiente, ele facilita o preparo de suas receitas favoritas. Suas dimensões de 28 x 27 x 24 cm e peso de 625g tornam-no fácil de armazenar e manusear. Com um preço acessível de R$ 34,90, é a escolha perfeita para otimizar seu tempo na cozinha. Prepare, corte e misture ingredientes com facilidade!","{""category"": ""Processador de Alimentos"", ""material"": null, ""audience"": null, ""features"": {""use_case"": ""Cozinha"", ""price_tier"": ""baixo""}, ""color_options"": [], ""compatibility"": null}"
ba7e06201e60d29279c7f11d689792bb,relogios_presentes,859.99,Relógio Elegante para Presentes Especiais,"Surpreenda quem você ama com este sofisticado relógio, ideal para presentes em ocasiões especiais. Com um design moderno e elegante, ele combina perfeitamente com qualquer estilo. O relógio possui dimensões de 18.0 x 13.0 x 16.0 cm e pesa 325 g, proporcionando conforto e praticidade. Seu preço é de R$ 859,99, um investimento que vale a pena para marcar momentos inesquecíveis.","{""category"": ""relógio"", ""material"": null, ""audience"": null, ""features"": {""use_case"": ""presentes especiais"", ""price_tier"": ""alto""}, ""color_options"": [], ""compatibility"": null}"
d3257d83b50d04301c9d969a0e2ec4ee,relogios_presentes,69.0,Relógio Elegante para Presentes,"Surpreenda quem você ama com este elegante relógio, ideal para presentear em qualquer ocasião. Com um design moderno e sofisticado, ele combina perfeitamente com diferentes estilos. Seu tamanho compacto e leveza garantem conforto ao usar. Com dimensões de 16 x 2 x 11 cm e pesando apenas 250 gramas, é a escolha perfeita para quem valoriza praticidade. Aproveite a oferta por apenas R$ 69,00!","{""category"": ""relógio"", ""material"": null, ""audience"": null, ""features"": {""use_case"": ""presentes"", ""price_tier"": ""medio""}, ""color_options"": [], ""compatibility"": null}"
8db75af9aed3315374db44d7860e25da,seguros_e_servicos,100.0,Seguro Residencial Completo,"Proteja seu lar com nosso Seguro Residencial Completo. Por apenas R$ 100,00, você garante cobertura contra incêndios, roubos e danos causados por desastres naturais. Com um peso de 400 gramas, este seguro é leve em sua mente, mas forte na proteção. As dimensões do serviço são flexíveis, adaptando-se às suas necessidades. Não deixe para depois, assegure a tranquilidade da sua família hoje mesmo!","{""category"": ""Seguro Residencial"", ""material"": null, ""audience"": null, ""features"": {""use_case"": ""Proteção contra incêndios, roubos e danos causados por desastres naturais"", ""price_tier"": ""medio""}, ""color_options"": [], ""compatibility"": null}"
6c7a0a349ad11817745e3ad58abd5c79,seguros_e_servicos,183.29,Seguro Viagem Internacional,"Garanta sua tranquilidade durante suas viagens com nosso Seguro Viagem Internacional. Com cobertura completa para emergências médicas, cancelamentos e extravio de bagagem, você pode explorar novos destinos sem preocupações. O plano é ideal para quem viaja a trabalho ou lazer. Com um peso de 1225g, ele é fácil de contratar e você pode fazer tudo online. Aproveite a proteção por apenas R$ 183,29.","{""category"": ""Seguro Viagem"", ""material"": null, ""audience"": null, ""features"": {""use_case"": ""Viagens internacionais"", ""price_tier"": ""medio""}, ""color_options"": [], ""compatibility"": null}"
5066fb9bf2b3db42c59f2f7732387249,sem_categoria,27.89,Produto Versátil para o Dia a Dia,"Descubra a praticidade deste produto que se adapta a diversas situações do seu cotidiano. Com um peso leve de 380g e dimensões compactas de 16cm x 4cm x 11cm, é fácil de transportar e armazenar. Ideal para quem busca funcionalidade e conforto. Aproveite a oferta por apenas R$ 27,89 e transforme sua rotina!","{""category"": ""produto versátil"", ""material"": null, ""audience"": null, ""features"": {""use_case"": ""praticidade no dia a dia"", ""price_tier"": ""baixo""}, ""color_options"": [], ""compatibility"": null}"
f4470c119e77b79863901b5d2152fc6f,sem_categoria,33.2,Produto Sem Categoria - 250g,"Este produto versátil é ideal para diversas aplicações. Com 250g, ele é leve e fácil de manusear. Suas dimensões compactas de 16cm x 4cm x 11cm facilitam o armazenamento. Aproveite a qualidade e praticidade que ele oferece. Disponível por apenas R$ 33,20.","{""category"": ""produto"", ""material"": null, ""audience"": null, ""features"": {""use_case"": ""diversas aplicações"", ""price_tier"": ""baixo""}, ""color_options"": [], ""compatibility"": null}"
54405df05005a5933a1a2851d1c69c86,sinalizacao_e_seguranca,139.9,Cone de Sinalização Laranja 75cm,"O Cone de Sinalização Laranja é ideal para garantir a segurança em obras e eventos. Com 75 cm de altura, ele é altamente visível e feito de material resistente, perfeito para uso interno e externo. Seu design leve, pesando apenas 750 gramas, facilita o transporte e a armazenagem. As dimensões compactas (27 x 8 x 22 cm) tornam esse cone uma excelente escolha para quem precisa de sinalização eficaz. Adquira já o seu por apenas R$ 139,90!","{""category"": ""sinalização"", ""material"": null, ""audience"": null, ""features"": {""use_case"": ""segurança em obras e eventos"", ""price_tier"": ""medio""}, ""color_options"": [""laranja""], ""compatibility"": null}"
dff96addbfdf534a44ed5094b8c6765d,sinalizacao_e_seguranca,20.0,Cone de Sinalização Laranja 47cm,"Cone de sinalização laranja ideal para uso em obras, eventos e sinalização de trânsito. Com 47 cm de altura, é leve e fácil de transportar, pesando apenas 800 gramas. Suas dimensões de 47 x 8 x 12 cm garantem visibilidade e segurança em diversas situações. Produto resistente e durável, perfeito para quem busca qualidade e eficiência. Aproveite por apenas R$ 20,00!","{""category"": ""cone de sinalização"", ""material"": null, ""audience"": null, ""features"": {""use_case"": ""uso em obras, eventos e sinalização de trânsito"", ""price_tier"": ""baixo""}, ""color_options"": [""laranja""], ""compatibility"": null}"
96dbad46bf454d233b0d2adf108294a1,tablets_impressao_imagem,35.9,Tablet para Impressão de Imagem - 16cm,"Descubra a praticidade do nosso tablet para impressão de imagem, ideal para quem busca qualidade e eficiência. Com dimensões compactas de 16 x 6 x 14 cm, ele é leve e fácil de transportar, pesando apenas 200 gramas. Perfeito para uso em casa ou no trabalho, este tablet oferece uma experiência de impressão excepcional. Aproveite por apenas R$ 35,90 e leve sua criatividade a um novo nível!","{""category"": ""tablet"", ""material"": null, ""audience"": null, ""features"": {""use_case"": ""impressão de imagem"", ""price_tier"": ""baixo""}, ""color_options"": [], ""compatibility"": null}"
34dabb8af33b3756cf72df05fb327011,tablets_impressao_imagem,52.0,Tablet de Impressão de Imagem - 300g,"Aproveite a praticidade do nosso tablet de impressão de imagem, ideal para quem busca qualidade e eficiência. Com dimensões compactas de 26 x 10 x 26 cm, ele é leve e fácil de transportar. Seu peso de apenas 300g torna-o perfeito para uso em qualquer lugar. Adquira já o seu por apenas R$ 52,00 e transforme suas ideias em impressões incríveis!","{""category"": ""tablet"", ""material"": null, ""audience"": null, ""features"": {""use_case"": ""impressão de imagem"", ""price_tier"": ""medio""}, ""color_options"": [], ""compatibility"": null}"
cfd2499557fab719688fc5260eb18dad,telefonia,27.99,Carregador Portátil Universal 250g,"Mantenha seus dispositivos sempre carregados com o Carregador Portátil Universal. Com um design compacto e leve, ele pesa apenas 250g e é ideal para levar em viagens ou no dia a dia. Suas dimensões de 17.0 x 4.0 x 12.0 cm facilitam o transporte. Compatível com diversos modelos de smartphones e tablets, garante praticidade e eficiência. Aproveite por apenas R$ 27,99!","{""category"": ""carregador"", ""material"": null, ""audience"": null, ""features"": {""use_case"": ""carregar dispositivos"", ""price_tier"": ""baixo""}, ""color_options"": [], ""compatibility"": ""diversos modelos de smartphones e tablets""}"
de18af36238944b4db169fd05ab9d541,telefonia,18.9,Carregador Portátil Universal,"Mantenha seus dispositivos sempre carregados com o Carregador Portátil Universal. Compacto e leve, ele pesa apenas 100g e possui dimensões de 19.0 x 3.0 x 11.0 cm, tornando-o ideal para levar na bolsa ou mochila. Com um preço acessível de R$ 18,90, é a solução perfeita para quem está sempre em movimento. Compatível com diversos modelos de smartphones e tablets, garante praticidade e eficiência. Não fique na mão, adquira já o seu!","{""category"": ""carregador"", ""material"": null, ""audience"": null, ""features"": {""use_case"": ""carregar dispositivos"", ""price_tier"": ""baixo""}, ""color_options"": [], ""compatibility"": ""diversos modelos de smartphones e tablets""}"
15c8a0cce7382cf9029bfcb3998cfb7e,telefonia_fixa,1156.99,Telefone Fixo com Design Moderno,"Este telefone fixo combina estilo e funcionalidade, perfeito para qualquer ambiente. Com dimensões compactas de 26 x 26 x 26 cm, ele se adapta facilmente a sua mesa ou estante. Pesando apenas 2400 gramas, é leve e prático para manusear. Ideal para quem busca qualidade de som e durabilidade, este modelo é uma excelente escolha. Aproveite o preço de R$ 1.156,99 e garanta já o seu!","{""category"": ""telefone fixo"", ""material"": null, ""audience"": null, ""features"": {""use_case"": ""estilo e funcionalidade"", ""price_tier"": ""alto""}, ""color_options"": [], ""compatibility"": null}"
290ada89b05e1dca2a4fe42f1cfc012e,telefonia_fixa,29.9,Telefone Fixo com Fio - Ideal para sua Casa,"Este telefone fixo é a solução perfeita para quem busca praticidade e qualidade nas comunicações. Com design compacto e elegante, ele se encaixa perfeitamente em qualquer ambiente. Possui teclas grandes e fáceis de usar, além de um som nítido para garantir conversas claras. Com dimensões de 19.0 x 5.0 x 12.0 cm e peso de 300g, é leve e fácil de manusear. Adquira já o seu por apenas R$ 29,90!","{""category"": ""telefone fixo"", ""material"": null, ""audience"": null, ""features"": {""use_case"": ""comunicações"", ""price_tier"": ""baixo""}, ""color_options"": [], ""compatibility"": null}"
5ec12176d76d4837e3d1cf1b480daaa6,utilidades_domesticas,14.9,Organizador de Mesa 23cm,"Mantenha sua mesa sempre organizada com este prático organizador. Com dimensões de 23cm x 20cm x 23cm, ele é ideal para armazenar canetas, papéis e outros pequenos itens. Feito de material resistente e leve, pesa apenas 300g, facilitando o transporte. Seu design moderno combina com qualquer ambiente, seja em casa ou no escritório. Aproveite a promoção e leve já o seu por apenas R$ 14,90!","{""category"": ""organizador"", ""material"": null, ""audience"": null, ""features"": {""use_case"": ""mesa organizada"", ""price_tier"": ""baixo""}, ""color_options"": [], ""compatibility"": null}"
3d3e0f4d3b75d0fbc4f002c231db1ad1,utilidades_domesticas,17.53,Escorredor de Louça Plástico,"O escorredor de louça plástico é a solução perfeita para sua cozinha. Com dimensões de 16 x 26 x 11 cm, ele é compacto e eficiente, ideal para escorrer pratos, talheres e copos. Feito de material resistente, suporta o peso das suas louças sem problemas. Seu design prático garante que a água escorra facilmente, mantendo sua bancada sempre seca. Aproveite a promoção e leve para casa por apenas R$ 17,53!","{""category"": ""escorredor de louça"", ""material"": null, ""audience"": null, ""features"": {""use_case"": ""cozinha"", ""price_tier"": ""baixo""}, ""color_options"": [], ""compatibility"": null}"
